departamento;municipio;puesto;mujeres;hombres;total;mesas;comuna;dirección
BOLIVAR;CARTAGENA;CENTRO COMERCIAL BOCAGRANDE;3880;3511;7391;23;01LOC. 1 HISTORICA Y DEL CARIBE;CR 2 NO 8-146 BOCAGRANDE AV SAN MARTIN
BOLIVAR;CARTAGENA;UNIV. TECNOLG. DE BOLIVAR - MA;6154;5280;11434;35;01LOC. 1 HISTORICA Y DEL CARIBE;CLL DEL BOUQUET CR 21 NO. 25-92 MANGA
BOLIVAR;CARTAGENA;LUDOTECA PARQUE CENTENARIO;575;810;1385;5;01LOC. 1 HISTORICA Y DEL CARIBE;GETSEMANI, CLL 32 No 7-120, PQ CENTENARIO
BOLIVAR;CARTAGENA;COL. EUCARÍSTICO DE SANTA TERESA;3432;2705;6137;19;01LOC. 1 HISTORICA Y DEL CARIBE;Manga, Calle 27 No. 24-21
BOLIVAR;CARTAGENA;CENTRO COMERCIAL PLAZA BOCAGRANDE;3785;4498;8283;25;01LOC. 1 HISTORICA Y DEL CARIBE;CRA 1 No 12 - 118
BOLIVAR;CARTAGENA;COLEGIO DE LA ESPERANZA;3248;4588;7836;24;01LOC. 1 HISTORICA Y DEL CARIBE;CLL 63 NO 02-04 CRESPO
BOLIVAR;CARTAGENA;COLEGIO NAVAL DE CRESPO;4428;6073;10501;32;01LOC. 1 HISTORICA Y DEL CARIBE;AV 9A CLL 72 BARRIO MILIT CRESPO
BOLIVAR;CARTAGENA;COLEGIO EL CARMELO;522;3526;4048;13;01LOC. 1 HISTORICA Y DEL CARIBE;CLL 66 NO 4-73 CRESPO
BOLIVAR;CARTAGENA;COLEGIO BERVELLY HILLS;3403;3030;6433;20;01LOC. 1 HISTORICA Y DEL CARIBE;CRESPO CRA 2 No 77-71
BOLIVAR;CARTAGENA;COLEGIO LICEO BOLIVAR;4736;3573;8309;25;01LOC. 1 HISTORICA Y DEL CARIBE;CR 17 NO 71-25 DANIEL LEMAITRE
BOLIVAR;CARTAGENA;IE STA MARIA SEDE SAGRADO CORAZON;6160;3503;9663;29;01LOC. 1 HISTORICA Y DEL CARIBE;CR 16 No 67-50 DANIEL LEMAITRE
BOLIVAR;CARTAGENA;I.E.CORAZON DE MARIA;4625;2929;7554;23;01LOC. 1 HISTORICA Y DEL CARIBE;SAN FRANCISCO FRENTE AL CAI CRA 19 No 77-29
BOLIVAR;CARTAGENA;IE CORAZON DE MARIA S S J CLAV;1759;2929;4688;15;01LOC. 1 HISTORICA Y DEL CARIBE;SAN FRANCISCO CRA 19 No 77-30
BOLIVAR;CARTAGENA;I.E SANTA MARIA SD MARCO FIDEL SUAREZ;2924;2629;5553;17;01LOC. 1 HISTORICA Y DEL CARIBE;BARRIO SANTA MARIA CLL 70 No 70-41
BOLIVAR;CARTAGENA;COLISEO CUBIERTO BERNARDO CARABALLO;5506;5549;11055;34;01LOC. 1 HISTORICA Y DEL CARIBE;CRA17 No 35-119
BOLIVAR;CARTAGENA;COLEGIO JOSE DE LA VEGA;6854;5452;12306;37;01LOC. 1 HISTORICA Y DEL CARIBE;CLL 54 NO 17 - 102 TORICES
BOLIVAR;CARTAGENA;IE HER. ANTONIO RAMOS DE LA SALLE;2192;2123;4315;13;01LOC. 1 HISTORICA Y DEL CARIBE;CLL NUEVA DEL ESPINAL NO 34-392 ESPINAL
BOLIVAR;CARTAGENA;INST. ED. ANA MARIA VELEZ DE TRUJILLO;3982;3417;7399;23;01LOC. 1 HISTORICA Y DEL CARIBE;TORICES, SECT SANTA RITA CRA 16 # 17-53
BOLIVAR;CARTAGENA;CORP UNIVERSITARIA RAFAEL NUÑEZ TORICES;393;313;706;3;01LOC. 1 HISTORICA Y DEL CARIBE;TORICES CRA 17 No 35-117
BOLIVAR;CARTAGENA;C.ECON. PIEDRA DE BOL UNIV. C/GENA;5749;4997;10746;33;01LOC. 1 HISTORICA Y DEL CARIBE;AV CONSULADO CLL 30 NO 48-152 PIEDRA DE BOLIVAR
BOLIVAR;CARTAGENA;COLEGIO COMFENALCO SEDE CEDESARROLLO;4514;4450;8964;27;01LOC. 1 HISTORICA Y DEL CARIBE;DG 30 No 50-187 ZARAGOCILLA SECT EL CAIRO
BOLIVAR;CARTAGENA;INST. ED. MADRE LAURA;3421;2631;6052;19;01LOC. 1 HISTORICA Y DEL CARIBE;PIEDRA BOLIVAR CLL 30 NRO. 50 - 136
BOLIVAR;CARTAGENA;SENA 4 VIENTOS;2504;2360;4864;15;01LOC. 1 HISTORICA Y DEL CARIBE;AV. PEDRO DE HEREDIA SECT TESCA
BOLIVAR;CARTAGENA;I E CASD MANUELA BELTRAN;1563;1333;2896;9;01LOC. 1 HISTORICA Y DEL CARIBE;AV PEDRO DE HEREDIA CLL 31 No 57-106
BOLIVAR;CARTAGENA;IE NUEVO BOSQUE;8216;7137;15353;46;01LOC. 1 HISTORICA Y DEL CARIBE;TR 53 NO 23A-104 MZ I URB BARLOVENTO
BOLIVAR;CARTAGENA;COL ALBERTO ELIAS FERNANDEZ;5161;5318;10479;32;01LOC. 1 HISTORICA Y DEL CARIBE;DG 21A 47-49 AV BUENOS AIRES BOSQUE
BOLIVAR;CARTAGENA;I.E NUEVO BOSQUE SEDE JOSE MARIA CORDOBA;4134;3528;7662;23;01LOC. 1 HISTORICA Y DEL CARIBE;NUEVO BOSQUE 1RA ETAPA TRANSV 47 A NRO 29E - 12
BOLIVAR;CARTAGENA;INST. ED. FERNANDO DE LA VEGA;2183;1998;4181;13;01LOC. 1 HISTORICA Y DEL CARIBE;BOSQUE DIAG. 21C NRO 53-40
BOLIVAR;CARTAGENA;E. NORMAL SUPERIOR DE CARTAGENA D INDIAS;3081;2522;5603;17;01LOC. 1 HISTORICA Y DEL CARIBE;NUEVO BOSQUE KRA 51 #23-35
BOLIVAR;CARTAGENA;UNIVERSIDAD DEL SINU SEDE PLAZA COLON;2110;1757;3867;12;01LOC. 1 HISTORICA Y DEL CARIBE;AV EL BOSQUE TRANSVERSAL 54  No 30 729
BOLIVAR;CARTAGENA;IE SAN JUAN DE DAMASCO;5749;5740;11489;35;01LOC. 1 HISTORICA Y DEL CARIBE;AMBERES 1ER CALLEJON CR 41 NO 26C 38
BOLIVAR;CARTAGENA;IE OLGA GONZALEZ ARRAUT;5151;4281;9432;29;01LOC. 1 HISTORICA Y DEL CARIBE;DG 22 NO 52-14 AV CRISANTO LUQUE
BOLIVAR;CARTAGENA;IE MANUELA BELTRAN - SED HIJOS;2887;2231;5118;16;01LOC. 1 HISTORICA Y DEL CARIBE;BARRIO CHILE MZ 75 LOTE 1
BOLIVAR;CARTAGENA;SEMINARIO CARTAGENA;2200;1984;4184;13;01LOC. 1 HISTORICA Y DEL CARIBE;ALCIBIA CLL 38 NRO 29 - 60
BOLIVAR;CARTAGENA;UNIVERSIDAD ANTONIO NARIÑO;2654;2470;5124;16;01LOC. 1 HISTORICA Y DEL CARIBE;AV CRISANTO LUQUE DIAG 22
BOLIVAR;CARTAGENA;COLEGIO LATINOAMERICANO;695;670;1365;5;01LOC. 1 HISTORICA Y DEL CARIBE;B. PARAGUAY TRANS 45 No 26A 116 AV DEL ACUEDUCTO
BOLIVAR;CARTAGENA;FUNDACION COLEGIO OCTAVIANA DEL C VIVES;130;79;209;1;01LOC. 1 HISTORICA Y DEL CARIBE;AMBERES CALLE 30 No 39 80
BOLIVAR;CARTAGENA;UNIV DE CARTAGENA CLAUSTRO SAN AGUSTIN;7150;3482;10632;32;01LOC. 1 HISTORICA Y DEL CARIBE;CR 6 36-100 CTRO CLL DE LA UNIVERSIDAD
BOLIVAR;CARTAGENA;COL SALESIANOS SAN PEDRO CLAVE;1417;4589;6006;18;01LOC. 1 HISTORICA Y DEL CARIBE;CLL40 NO 09-80 LAS BOVEDAS BARRIO SN DIEGO
BOLIVAR;CARTAGENA;IE ANTONIA SANTOS;5390;5187;10577;32;01LOC. 1 HISTORICA Y DEL CARIBE;CLL 31 NO18B131 PLAYON GRANDE PIE DE LA POPA
BOLIVAR;CARTAGENA;UNIV. DE CARTAGENA CLAUSTRO LA MERCED;539;528;1067;4;01LOC. 1 HISTORICA Y DEL CARIBE;KR 5 # 38-40 - CENTRO
BOLIVAR;CARTAGENA;FUNDACION UNIVERSITARIA LOS LIBERTADORES;3294;3099;6393;20;01LOC. 1 HISTORICA Y DEL CARIBE;PIE DE LA POPA, CALLE 31 No 19 -51
BOLIVAR;CARTAGENA;INST UNIVERSITARIA MAYOR DE CARTAGENA;9276;121;9397;29;01LOC. 1 HISTORICA Y DEL CARIBE;CTRO.KR3 #34 -29 CL DE LA FACTORIA
BOLIVAR;CARTAGENA;INST UNI BELLAS ARTES Y CIENCIAS DE BOL.;45;4996;5041;16;01LOC. 1 HISTORICA Y DEL CARIBE;KR 9 #39-12 SAN DIEGO
BOLIVAR;CARTAGENA;ESCUELAS PROFESIONALES SALESIANAS;330;4248;4578;14;01LOC. 1 HISTORICA Y DEL CARIBE;Cra. 9 # 39-60 ? CALLE DE LAS BOVEDAS CENTRO
BOLIVAR;CARTAGENA;IE FE Y ALEGRIA LAS GAVIOTAS;7693;6721;14414;44;02LOC. 2  LA VIRGEN Y TURISTICA;TR 65 NO 31-111 LAS GAVIOTAS ENTRADA P.PAL
BOLIVAR;CARTAGENA;IE LAS GAVIOTAS SEDE MOISES GO;2819;2426;5245;16;02LOC. 2  LA VIRGEN Y TURISTICA;LAS GAVIOTAS MZ 33 LOTE 8 ETAPA 2ª
BOLIVAR;CARTAGENA;I.E. LAS GAVIOTAS SEDE EL NIÑO JESUS;3087;2622;5709;18;02LOC. 2  LA VIRGEN Y TURISTICA;MZNA 70 LOT 3 ETAPA 2 GAVIOTAS
BOLIVAR;CARTAGENA;CENTRO DE ENSEÑANZA HIJOS DE BOLIVAR;3702;3097;6799;21;02LOC. 2  LA VIRGEN Y TURISTICA;LOS ALPES URB 13 DE JUNIO DG 32 No 70-75
BOLIVAR;CARTAGENA;IE FOCO ROJO;6303;5809;12112;37;02LOC. 2  LA VIRGEN Y TURISTICA;CR 50 NO 32-47 AV PEDRO ROMERO OLAYA
BOLIVAR;CARTAGENA;COLEGIO ALMIRANTE COLON S. OLAYA;4314;4029;8343;25;02LOC. 2  LA VIRGEN Y TURISTICA;OLAYA SECTOR RICAURTE CARRERA 31D  #60 47
BOLIVAR;CARTAGENA;I.E. PLAYAS DE ACAPULCO;3186;2868;6054;19;02LOC. 2  LA VIRGEN Y TURISTICA;LIBANO AVE PEDRO ROMERO ESQUINA 48 C 60
BOLIVAR;CARTAGENA;IE. NUESTRA SEÑORA PERPETUO SOCORRO;3472;3141;6613;20;02LOC. 2  LA VIRGEN Y TURISTICA;Cl JUAN C ARANGO Kra 49 31 - 55
BOLIVAR;CARTAGENA;IE REPUBLICA DEL LIBANO;224;174;398;2;02LOC. 2  LA VIRGEN Y TURISTICA;AV. PEDRO ROMERO SEC EL LIBANO CLL 31 D No 54 84
BOLIVAR;CARTAGENA;IE SAN FELIPE NERIS;367;291;658;2;02LOC. 2  LA VIRGEN Y TURISTICA;CL YANES CRA 57 No 56-65 OLAYA HERRERA SEC RICAUR
BOLIVAR;CARTAGENA;IE FRANCISCO DE PAULA SANTANDE;4958;4716;9674;29;02LOC. 2  LA VIRGEN Y TURISTICA;CR 36 NO 33A 52 LA MARIA
BOLIVAR;CARTAGENA;IE MARIA REINA;3564;3367;6931;21;02LOC. 2  LA VIRGEN Y TURISTICA;CR 29 NO 37-38 LA ESPERANZA
BOLIVAR;CARTAGENA;ESCUELA CIUDAD DE TUNJA;4948;4538;9486;29;02LOC. 2  LA VIRGEN Y TURISTICA;CLL 32C NO 37-32 CLL DEL MEDIO ALCIBIA
BOLIVAR;CARTAGENA;I.E. CORAZON DE MARIA - LAZARO MARTINEZ;1589;1404;2993;9;02LOC. 2  LA VIRGEN Y TURISTICA;LA MARIA SECTOR LOS CORALES CARRERA 34 CALLE 52
BOLIVAR;CARTAGENA;I.E. ANTONIO NARIÑO;3485;3045;6530;20;02LOC. 2  LA VIRGEN Y TURISTICA;LA ESPERANZA  CALLE ALFONSO LOPEZ No. 29-35
BOLIVAR;CARTAGENA;I.E. PEDRO ROMERO;2761;2207;4968;15;02LOC. 2  LA VIRGEN Y TURISTICA;ALCIBIA AV PEDRO ROMERO CL 31 # 34-39
BOLIVAR;CARTAGENA;IE OMAIRA SANCHEZ;1127;852;1979;6;02LOC. 2  LA VIRGEN Y TURISTICA;BARRIO LA CANDELARIA CRA 40 No 44  01
BOLIVAR;CARTAGENA;CDI CIENAGA DE LA VIRGEN;78;83;161;1;02LOC. 2  LA VIRGEN Y TURISTICA;CRA 49 No 37 A - 218 VIA PERIMETRAL
BOLIVAR;CARTAGENA;IE CAMILO TORRES;9143;6510;15653;47;02LOC. 2  LA VIRGEN Y TURISTICA;CR 89 LOTE 13 MZ 49 POZON
BOLIVAR;CARTAGENA;CENTRO COLOMBIATON GUSTAVO PULECIO;5577;5716;11293;34;02LOC. 2  LA VIRGEN Y TURISTICA;MZ 1 LOTE 1 FLOR DEL CAMPO
BOLIVAR;CARTAGENA;IE LA LIBERTAD;5272;4662;9934;30;02LOC. 2  LA VIRGEN Y TURISTICA;EL POZON TRANV 60 M 89 L 7 CALLEJON 6
BOLIVAR;CARTAGENA;IE NUESTRO ESFUERZO;3671;3114;6785;21;02LOC. 2  LA VIRGEN Y TURISTICA;POZON SC SAGRADO CORAZON DE JESUS
BOLIVAR;CARTAGENA;IE CLEMENTE MANUEL ZABALA;1831;1601;3432;11;02LOC. 2  LA VIRGEN Y TURISTICA;FLOR DEL CAMPO CARRETERA DE LA CORDIALIDAD MZ 7
BOLIVAR;CARTAGENA;IE JORGE GARCIA USTA;3248;2460;5708;18;02LOC. 2  LA VIRGEN Y TURISTICA;BICENTENARIO,MZA 77 SECTOR No 77 - 01
BOLIVAR;CARTAGENA;ESCUELA GABRIELA SAN MARTIN;7934;6514;14448;44;02LOC. 2  LA VIRGEN Y TURISTICA;CLL 33 NO 77-48 OLAYA
BOLIVAR;CARTAGENA;COL FE Y ALEGRIA LAS AMERICAS;5747;5193;10940;33;02LOC. 2  LA VIRGEN Y TURISTICA;CR 84 NO 32B-152 SECT NVO PARAISO OLAYA
BOLIVAR;CARTAGENA;CENTRO CULTURAL LAS PALMERAS;3629;3145;6774;21;02LOC. 2  LA VIRGEN Y TURISTICA;LAS PALMERAS D 77 No 55B-68
BOLIVAR;CARTAGENA;IE DE FREDONIA;3628;3162;6790;21;02LOC. 2  LA VIRGEN Y TURISTICA;FREDONIA CLL 46 CRA 79-05
BOLIVAR;CARTAGENA;COLEGIO DIOS ES AMOR CDA;393;282;675;3;02LOC. 2  LA VIRGEN Y TURISTICA;VILLA ESTRELLA TRANSV 54 No 80- 863
BOLIVAR;CARTAGENA;IE TECNICA VILLA ESTRELLA;341;266;607;2;02LOC. 2  LA VIRGEN Y TURISTICA;CALLE 36 No 91-15 VILLA ESTRELLA SEC PRADO
BOLIVAR;CARTAGENA;IE FULGENCIO LEQUERICA VELEZ;3411;3509;6920;21;02LOC. 2  LA VIRGEN Y TURISTICA;CHIQUINQUIRA MZ 56 LOTE 1
BOLIVAR;CARTAGENA;NUESTRA SEÑORA DEL CARMEN;4615;3830;8445;26;02LOC. 2  LA VIRGEN Y TURISTICA;CHIQUINQUIRA AV PEDRO DE HEREDIA CLL 31C No 56-191
BOLIVAR;CARTAGENA;IE FULGENCIO LEQUERICA VELEZ-  ECUADOR;3408;2700;6108;19;02LOC. 2  LA VIRGEN Y TURISTICA;OLAYA HERRERA SECTOR CENTRAL CLL 31 D NRO 60B-56
BOLIVAR;CARTAGENA;FUND. UNIV. COLOMBO INTERNACIONAL;3696;3089;6785;21;02LOC. 2  LA VIRGEN Y TURISTICA;AV PEDRO DE HEREDIA SEC. 4 VIENTOS KRA 50 No 31-50
BOLIVAR;CARTAGENA;COLEGIO INEM;6273;5154;11427;35;03LOC.3 INDUSTRIAL DE LA BAHIA;AV DEL BOSQUE TRANSV. 54 No 30-570
BOLIVAR;CARTAGENA;CENT RECREACIONAL NAPOLEON PEREA;4320;4278;8598;26;03LOC.3 INDUSTRIAL DE LA BAHIA;TR 54 NO 44-25 CARRET BOSQUE
BOLIVAR;CARTAGENA;IE JOSE M RODRIGUEZ S ISABEL LA CATOLICA;4197;3469;7666;23;03LOC.3 INDUSTRIAL DE LA BAHIA;ALMIRANTE COLON MZ O LOTE 18 ETAPA 2
BOLIVAR;CARTAGENA;IE JOSE MANUEL R-JARDIN INF  CARACOLES;1522;1298;2820;9;03LOC.3 INDUSTRIAL DE LA BAHIA;LOS CARACOLES TRANSV. 55 No. 22C -110 II ETAPA
BOLIVAR;CARTAGENA;IE 20 DE JULIO;5732;5172;10904;33;03LOC.3 INDUSTRIAL DE LA BAHIA;CR 58A NO 8-86 BARRIO 20 DE JULIO
BOLIVAR;CARTAGENA;IE BERTHA GEDEON DE BALADI;4687;4278;8965;27;03LOC.3 INDUSTRIAL DE LA BAHIA;CLL 12 CR 58 ESQ ET 7 CAMPESTRE
BOLIVAR;CARTAGENA;COLEGIO ALMIRANTE COLON  VISTA HERMOSA;3689;3114;6803;21;03LOC.3 INDUSTRIAL DE LA BAHIA;VISTA HERMOSA CARRERA 60 D N. 20 58
BOLIVAR;CARTAGENA;IE SALIM BECHARA SEDE ALBORNOZ;737;629;1366;5;03LOC.3 INDUSTRIAL DE LA BAHIA;BARRIO ALBORNOZ CRA 50 CALLE 2   40
BOLIVAR;CARTAGENA;IE LUIS CARLOS LOPEZ;5690;5007;10697;33;03LOC.3 INDUSTRIAL DE LA BAHIA;MZ I LOTE 11 ET 2 SECT COMER-BLAS DE LEZO
BOLIVAR;CARTAGENA;IE TERNERA;4494;4068;8562;26;03LOC.3 INDUSTRIAL DE LA BAHIA;CLL DEL PARAISO NO32D-47 TERNERA
BOLIVAR;CARTAGENA;IE SOLEDAD ACOSTA DE SAMPER;2066;1711;3777;12;03LOC.3 INDUSTRIAL DE LA BAHIA;BLAS DE LEZO SEGUNDA ETAPA SECTOR COMERCIAL
BOLIVAR;CARTAGENA;UNIVERSIDAD SAN BUENAVENTURA;6824;5666;12490;38;03LOC.3 INDUSTRIAL DE LA BAHIA;CALLE REAL DE TERNERA DIAG. 32 No 30-966
BOLIVAR;CARTAGENA;COLEGIO BIFFI;2040;1726;3766;12;03LOC.3 INDUSTRIAL DE LA BAHIA;BARRIO LA PROVIDENCIA CRA 71 No 31A  248
BOLIVAR;CARTAGENA;CENTRO COMERCIAL PARQUE HEREDIA;1384;1089;2473;8;03LOC.3 INDUSTRIAL DE LA BAHIA;DIAG 32 No80-966 SUPER MANZANA 5 LOTE 1
BOLIVAR;CARTAGENA;COL FE Y ALEGRIA EL PROGRESO;5175;4272;9447;29;03LOC.3 INDUSTRIAL DE LA BAHIA;CLL5 NO 68-25 SN.PEDRO MARTIR SECT PROGRESO
BOLIVAR;CARTAGENA;IE SAN FRANCISCO ASIS - HIJO DE LOS AGRI;4494;4482;8976;27;03LOC.3 INDUSTRIAL DE LA BAHIA;ARROZ BARATO VIA MAMONAL CARRET CR 3NO 8-71
BOLIVAR;CARTAGENA;IE SAN LUCAS;1979;1668;3647;11;03LOC.3 INDUSTRIAL DE LA BAHIA;CALLE VALENCIA CON BOGOTA No 61 - 44
BOLIVAR;CARTAGENA;IE POLICARPA SALAVARRIETA;1010;830;1840;6;03LOC.3 INDUSTRIAL DE LA BAHIA;CALLE 70 SECTOR CENTRAL
BOLIVAR;CARTAGENA;IE MERCEDES ABREGO;9384;7804;17188;52;03LOC.3 INDUSTRIAL DE LA BAHIA;CR 82 SECT KALAMARY SAN FERNANDO
BOLIVAR;CARTAGENA;COL SUEÑOS Y OPORTUNIDADES JES;5414;4608;10022;31;03LOC.3 INDUSTRIAL DE LA BAHIA;NELSON MANDELA MZ J LOTE 11
BOLIVAR;CARTAGENA;IE MERCEDES ABREGO SEDE MEDELLIN;4366;3768;8134;25;03LOC.3 INDUSTRIAL DE LA BAHIA;SAN FERNANDO SECTOR MEDELLIN CALLE LAS NIEVES
BOLIVAR;CARTAGENA;I.E. CIUDADELA 2000;2798;2193;4991;15;03LOC.3 INDUSTRIAL DE LA BAHIA;Ciudadela 2000 Carrera 83 No. 9-100
BOLIVAR;CARTAGENA;I.E. SALVADOR MANDELA;3792;3220;7012;21;03LOC.3 INDUSTRIAL DE LA BAHIA;NELSON MANDELA CALLE LAS BRISAS SECTOR LOS OLIVOS
BOLIVAR;CARTAGENA;I.E. ROSEDAL;3291;2502;5793;18;03LOC.3 INDUSTRIAL DE LA BAHIA;EL EDUCADOR SECTOR ROSENDAL CALLE 5 N. 78 401
BOLIVAR;CARTAGENA;IE JHON F KENNEDY;6972;5853;12825;39;03LOC.3 INDUSTRIAL DE LA BAHIA;ET 3RA MZ 3 LOTE 1 BARRIO BLAS DE LEZO
BOLIVAR;CARTAGENA;INST FEMENINO PROMOCION SOCIAL;6853;5775;12628;38;03LOC.3 INDUSTRIAL DE LA BAHIA;CLL 25 NO 71-24 SOCORRO
BOLIVAR;CARTAGENA;I.E. NUESTRA SEÑORA DE LA CONSOLATA;4404;3756;8160;25;03LOC.3 INDUSTRIAL DE LA BAHIA;BLA D ELEZO AV. KENEDY No. 26-28
BOLIVAR;CARTAGENA;I.E. JUAN JOSE NIETO;4001;3543;7544;23;03LOC.3 INDUSTRIAL DE LA BAHIA;El Socorro Cll 25 71-24 Entrada Ppal
BOLIVAR;CARTAGENA;COLEGIO COMFAMILIAR;5803;4823;10626;32;03LOC.3 INDUSTRIAL DE LA BAHIA;CR103NO 35-151 MZ 9 LOTE 26 SN.JOSE CAMPANOS
BOLIVAR;CARTAGENA;ESC ANA MARIA PEREZ OTERO;6550;5445;11995;36;03LOC.3 INDUSTRIAL DE LA BAHIA;CLL 23B 77-15 PLAN 332 MZ 34 SOCORRO
BOLIVAR;CARTAGENA;IE PROM SOCIAL DE C/GENA SD LA CONSOLATA;1364;1115;2479;8;03LOC.3 INDUSTRIAL DE LA BAHIA;LA CONSOLATA SECTOR SANTA ISABEL MZA O LOTE 2
BOLIVAR;CARTAGENA;IE AMBIENTALISTA CARTAGENA DE INDIAS;5517;4799;10316;31;03LOC.3 INDUSTRIAL DE LA BAHIA;SAN JOSE DE LOS CAMPANOS CRA 103 CALLE 38
BOLIVAR;CARTAGENA;IE SEDE EMILIANO ALCALA ROMERO;1075;865;1940;6;03LOC.3 INDUSTRIAL DE LA BAHIA;EL SOCORRO PLAN 500 A MZA 36
BOLIVAR;CARTAGENA;I E REPUBLICA DE ARGENTINA;938;752;1690;6;03LOC.3 INDUSTRIAL DE LA BAHIA;TRANSV 18 LOTE 1
BOLIVAR;CARTAGENA;CENTRO COMERCIAL LA GRAN MANZANA;2361;1835;4196;13;03LOC.3 INDUSTRIAL DE LA BAHIA;LA CAROLINADIAG 38 A No 82-12
BOLIVAR;CARTAGENA;CARCEL DISTRITAL DE TERNERA;47;454;501;2;;DG 31 No 85-180 TERNERA
BOLIVAR;CARTAGENA;SANTA CRUZ DEL ISLOTE;207;291;498;2;01LOC. 1 HISTORICA Y DEL CARIBE;CE SANTA CRUZ DEL ISLOTE
BOLIVAR;CARTAGENA;BARU;1242;1319;2561;8;01LOC. 1 HISTORICA Y DEL CARIBE;I.E. LUIS FELIPE CABRERA DE BARU
BOLIVAR;CARTAGENA;BOCACHICA;3412;3590;7002;20;01LOC. 1 HISTORICA Y DEL CARIBE;I.E.DOMINGO BENKOS
BOLIVAR;CARTAGENA;CAÑO DE LORO;1068;1023;2091;6;01LOC. 1 HISTORICA Y DEL CARIBE;I.E.SAN JOSE CAÑO
BOLIVAR;CARTAGENA;ISLA FUERTE;434;396;830;3;01LOC. 1 HISTORICA Y DEL CARIBE;I.E.ISLA FUERTE
BOLIVAR;CARTAGENA;ISLAS DEL ROSARIO;269;328;597;2;01LOC. 1 HISTORICA Y DEL CARIBE;I.E.ISLAS DEL ROSARIO
BOLIVAR;CARTAGENA;SANTA ANA;2226;2097;4323;12;01LOC. 1 HISTORICA Y DEL CARIBE;SANTA ANA
BOLIVAR;CARTAGENA;TIERRABOMBA;1606;1579;3185;9;01LOC. 1 HISTORICA Y DEL CARIBE;I.E.TIERRABOMBA
BOLIVAR;CARTAGENA;I.E NUEVA ESPERANZA ARROYO GRANDE;904;828;1732;5;02LOC. 2  LA VIRGEN Y TURISTICA;IE NUEVA ESPERANZA
BOLIVAR;CARTAGENA;ARROYO DE PIEDRA;943;1027;1970;6;02LOC. 2  LA VIRGEN Y TURISTICA;IE  ARROYO DE PIEDRA
BOLIVAR;CARTAGENA;BAYUNCA;5046;4403;9449;26;02LOC. 2  LA VIRGEN Y TURISTICA;I.E.BAYUNCA CARRET
BOLIVAR;CARTAGENA;LA BOQUILLA;4663;4416;9079;25;02LOC. 2  LA VIRGEN Y TURISTICA;BOQUILLA CARRERA 3 #71-26
BOLIVAR;CARTAGENA;PONTEZUELA;951;929;1880;6;02LOC. 2  LA VIRGEN Y TURISTICA;I.E. PONTEZUELA CL 1
BOLIVAR;CARTAGENA;PUNTA CANOA;450;463;913;3;02LOC. 2  LA VIRGEN Y TURISTICA;CORPORACION PAULO FREYLE
BOLIVAR;CARTAGENA;PASACABALLOS;5752;5321;11073;31;03LOC.3 INDUSTRIAL DE LA BAHIA;IE  JOSE MARIA CORDOBA
BOLIVAR;CARTAGENA;PASACABALLOS - MEMBRILLAL;631;531;1162;4;03LOC.3 INDUSTRIAL DE LA BAHIA;IE SAN FRANCISCO DE ASIS SD MEMBRILLAL CLL PPAL
BOLIVAR;CARTAGENA;LA BOQUILLA  2;1028;1018;2046;6;02LOC. 2  LA VIRGEN Y TURISTICA;IE SAN FELIPE CRA 3 No 71-26 PLAZA LA MOJARRA
BOLIVAR;CARTAGENA;TERMINAL ZONA NORTE;1738;1424;3162;9;02LOC. 2  LA VIRGEN Y TURISTICA;TERMINAL DE TRANSPORTE ZONA NORTE KM 8
BOLIVAR;CARTAGENA;BAYUNCA 2 (SEDE LAS LATAS) ;1124;1038;2162;6;02LOC. 2  LA VIRGEN Y TURISTICA;CARRETERA LA CORDIALIDAD BAYUNCA 
BOLIVAR;CARTAGENA;PASACABALLOS 2;138;136;274;1;03LOC.3 INDUSTRIAL DE LA BAHIA;CLL LA LOMA No 17-75 PASACABALLOS
BOLIVAR;CARTAGENA;TIERRABOMBA 2 PUNTA ARENA;156;102;258;1;01LOC. 1 HISTORICA Y DEL CARIBE;IE TIERRABOMBA SEDE PUNTA ARENA
BOLIVAR;CARTAGENA;ARROYO DE PIEDRA 2 ARROYO DE LAS CANOAS;120;82;202;1;02LOC. 2  LA VIRGEN Y TURISTICA;ANILLO VIAL VEREDA ARROYO DE LAS CANOAS
BOLIVAR;ACHI;PUESTO CABECERA MUNICIPAL;2747;3111;5858;18;;BARRIO SANTO DOMINGO
BOLIVAR;ACHI;BOYACA;251;311;562;2;;INSTITUCION EDUCATIVA DE BOYACA
BOLIVAR;ACHI;BUENAVISTA;274;327;601;2;;CORREGIMIENTO BUENAVISTA
BOLIVAR;ACHI;BUENOS AIRES;110;159;269;1;;CORREGIMIENTO BUENOS AIRES
BOLIVAR;ACHI;CENTRO ALEGRE;188;242;430;2;;CENTRO EDUCATIVO CENTRO ALEGRE
BOLIVAR;ACHI;EL ALGARROBO;146;185;331;1;;CENTRO EDUCATIVA DE EL ALGARROBO
BOLIVAR;ACHI;EL GALLEGO;284;330;614;2;;INSTITUCION EDUCATIVA DEL GALLEGO
BOLIVAR;ACHI;GUACAMAYO;465;622;1087;3;;INSTITUCION EDUCATIVA DE GUACAMAYO
BOLIVAR;ACHI;GUAMO;234;301;535;2;;CENTRO EDUCATIVO DEL GUAMO
BOLIVAR;ACHI;LOS NISPEROS;278;337;615;2;;INSTITUCION EDUCATIVA DE LOS NISPEROS
BOLIVAR;ACHI;NUEVA ESPERANZA;286;324;610;2;;CENTRO EDUCATIVO NUEVA ESPERANZA
BOLIVAR;ACHI;PALENQUILLO;131;189;320;1;;CENTRO EDUCATIVO DE PALENQUILLO
BOLIVAR;ACHI;PAYANDE;237;297;534;2;;CENTRO EDUCATIVO DE PAYANDE
BOLIVAR;ACHI;PLAYA ALTA;750;1096;1846;6;;INSTITUCION EDUCATIVA DE PLAYA ALTA
BOLIVAR;ACHI;PUERTO VENECIA;295;337;632;2;;INSTITUCION EDUCATIVA DE PUERTO VENECIA
BOLIVAR;ACHI;PUERTO ISABEL;252;308;560;2;;CENTRO EDUCATIVO DE PUERTO ISABEL
BOLIVAR;ACHI;PROVIDENCIA;242;275;517;2;;CENTRO EDUCATIVO DE PROVIDENCIA
BOLIVAR;ACHI;RIONEGRO;341;434;775;3;;INSTITUCION EDUCATIVA DE RIO NEGRO
BOLIVAR;ACHI;SANTA LUCIA;228;306;534;2;;INSTITUCION EDUCATIVA DE SANTA LUCIA
BOLIVAR;ACHI;TACUYALTA;235;296;531;2;;CENTRO EDUCATIVO DE TACUYALTA
BOLIVAR;ACHI;TRES CRUCES;439;540;979;3;;INSTITUCION EDUCATIVA DE TRES CRUCES
BOLIVAR;ACHI;CORREGIMIENTO PARAISO;113;124;237;1;;ESCUELA NUEVA PARAISO
BOLIVAR;ARENAL;PUESTO CABECERA MUNICIPAL;2027;2390;4417;14;;IE EFIGENIO MENDOZA SIERRA
BOLIVAR;ARENAL;BUENAVISTA;392;461;853;3;;I.E. EMA TRONCOSO RAVELO-AV. S
BOLIVAR;ARENAL;CARNIZALA;337;277;614;2;;I.E.EMA T/COSO RAVELO-CARNIZAL
BOLIVAR;ARENAL;SAN RAFAEL;362;431;793;3;;IE EMA T COSO RAVELO S RAFAEL
BOLIVAR;ARENAL;SANTO DOMINGO;69;107;176;1;;ESCUELA SANTO DOMINGO
BOLIVAR;ARENAL;SAN AGUSTIN;44;71;115;1;;ESCUELA SAN AGUSTIN
BOLIVAR;ARENAL;SABANA BAJA;33;58;91;1;;ESCUELA LA SABANA
BOLIVAR;ALTOS DEL ROSARIO;PUESTO CABECERA MUNICIPAL;2538;2927;5465;17;;IE ALEJANDRO DURAN DIAZ CLL 17A No 4-554
BOLIVAR;ALTOS DEL ROSARIO;EL RUBIO;148;180;328;1;;CORREGIMIENTO DE EL RUBIO I. E. EL RUBIO
BOLIVAR;ALTOS DEL ROSARIO;LA PACHA;852;993;1845;6;;I.E. SAGRADO CORAZON DE JESUS
BOLIVAR;ALTOS DEL ROSARIO;SAN ISIDRO;285;349;634;2;;I.E. SAN ISIDRO
BOLIVAR;ALTOS DEL ROSARIO;SANTA LUCIA;104;151;255;1;;I.E. SANTA LUCIA
BOLIVAR;ARJONA;ESC. REPUBLICA DE COLOMBIA;3066;3074;6140;19;01COMUNA 1;BARRIO LAS DELICIAS CALLE 33
BOLIVAR;ARJONA;COL BENJAMIN HERRERA;4414;3967;8381;26;02COMUNA 2;BARRIO SAN JOSE DE TURBAQUITO
BOLIVAR;ARJONA;CENTRO DE ALTO RENDIMIENTO;3580;3380;6960;21;02COMUNA 2;BARRIO LAS MARIAS VIA ROCHA
BOLIVAR;ARJONA;INST EDUC MARIA MICHELSEN DE LOPEZ;766;565;1331;4;01COMUNA 1;BARRIO 5 DE NOVIEMBRE - SECTOR LA LINEA
BOLIVAR;ARJONA;INST.EDUC.CATALINA HERRERA;2938;5105;8043;25;03COMUNA 3;CL REAL
BOLIVAR;ARJONA;ESC MIX ANGELA DORADO;4757;2271;7028;22;03COMUNA 3;CALLE CENTRAL COLOMBIA
BOLIVAR;ARJONA;ESC FRANCISCO DE PAULA SANTANDER;3964;3728;7692;24;04COMUNA 4;BARRIO EL MERCADO CALLE PORTOBELO
BOLIVAR;ARJONA;IE DOMINGO TARRA GUARDO SD MANUELA BELTR;368;288;656;2;04COMUNA 4;CALLE DEL COCO CRA 41 42 93
BOLIVAR;ARJONA;COLEGIO INDUSTRIAL DON BOSCO;2484;2961;5445;7;;BARRIO LAS MARIAS VIA A ROCHA
BOLIVAR;ARJONA;PUERTO BADEL (CAÑO SALADO);635;687;1322;4;05CORR. PUERTO BADEL CAÑO SALADO;COL DE BACHILLERATO DE PUERTO BADEL
BOLIVAR;ARJONA;GAMBOTE;706;780;1486;5;06CORREGIMIENTO DE GAMBOTE;CONC EDUC DE GAMBOTE
BOLIVAR;ARJONA;ROCHA;1231;1304;2535;7;07CORREGIMIENTO DE ROCHA;COL DE BACHILLERATO DE ROCHA
BOLIVAR;ARJONA;SINCERIN;1609;1602;3211;9;08CORREGIMIENTO DE SINCERIN;COL DE BACHILLERATO DE SINCERIN
BOLIVAR;ARROYO HONDO;PUESTO CABECERA MUNICIPAL;3353;3642;6995;21;;I.E. ROBERTO BOTERO MORALES
BOLIVAR;ARROYO HONDO;MACHADO;483;511;994;3;;ESC. NVA. DE MACHADO
BOLIVAR;ARROYO HONDO;MONROY;273;303;576;2;;ESC. NVA. DE MONROY
BOLIVAR;ARROYO HONDO;PILON;302;332;634;2;;ESC. NVA. DE PILON
BOLIVAR;ARROYO HONDO;SATO;377;399;776;3;;ESC. NVA. DE SATO
BOLIVAR;ARROYO HONDO;SAN FRANCISCO;254;299;553;2;;ESC. NVA. DE SAN FRANCISCO
BOLIVAR;BARRANCO DE LOBA;PUESTO CABECERA MUNICIPAL;3510;3997;7507;23;;CRA 4 CLL 13-45
BOLIVAR;BARRANCO DE LOBA;LOS CERRITOS;558;695;1253;4;;I.E. LUIS GUILLERMO VIDES ESCO
BOLIVAR;BARRANCO DE LOBA;RIONUEVO;282;363;645;2;;IE JORGE ELIECER GAITAN SEDE PRIMARIA
BOLIVAR;BARRANCO DE LOBA;SAN ANTONIO;710;784;1494;5;;IE SEGUNDO AMARIS MATUTE SEDE PRIMARIA
BOLIVAR;BARRANCO DE LOBA;LAS MINAS DE SANTA CRUZ;476;579;1055;3;;SEDE COOBAL CTA - CALLE PRINCIPAL
BOLIVAR;BARRANCO DE LOBA;LAS DELICIAS;248;324;572;2;;SEDE HOGARES INTEGRALES INFANT
BOLIVAR;BARRANCO DE LOBA;PUEBLITO MEJIA;259;353;612;2;;INSTITUCION EDUCATIVA PUEBLITO MEJIA
BOLIVAR;CALAMAR;PUESTO CABECERA MUNICIPAL;6357;6493;12850;39;;KR 4 #2 CASA DE LA CULTURA
BOLIVAR;CALAMAR;BARRANCA NUEVA;793;901;1694;5;;KM 8 E. PRINC. ERM SEDE BACHILLERATO
BOLIVAR;CALAMAR;BARRANCA VIEJA;677;686;1363;4;;IETA DEL YUCAL S. BCA VIEJA MEGACOLEGIO
BOLIVAR;CALAMAR;HATO VIEJO;1851;1998;3849;11;;KM 15 E. P. IETA. JOSÉ ANTONIO GALÁN
BOLIVAR;CALAMAR;SAN PEDRITO;23;26;49;1;;KM 1 VIA CALAMAR SUAN C. DEL PUENTE
BOLIVAR;CALAMAR;YUCAL;632;700;1332;4;;KM 15 E. P. IETA DEL YUCAL BACHILLERATO
BOLIVAR;CANTAGALLO;PUESTO CABECERA MUNICIPAL;2663;3207;5870;18;;I.E. JOSE MARIA CUELLAR DIAZ
BOLIVAR;CANTAGALLO;BRISAS DE BOLIVAR;528;633;1161;4;;I.E. JSE MRIA CUELLAR DIAZ SD BRISAS D BOLIV
BOLIVAR;CANTAGALLO;LAVICTORIA;109;172;281;1;;C.E. LA VICTORIA (SEDE P/PAL)
BOLIVAR;CANTAGALLO;SAN LORENZO;366;659;1025;3;;C.E. LA VICTORIA (SEDE EL CAGÜI)
BOLIVAR;CICUCO;PUESTO CABECERA MUNICIPAL;4103;4177;8280;25;;CLL 7 #3A-71 AV CAÑAGUATES IE SANTA ROSA LIMA
BOLIVAR;CICUCO;CAMPO SERENO;96;129;225;1;;I.E.S.F/CISCO DE LOBA-CAMPO SE
BOLIVAR;CICUCO;LA PEÑA;513;566;1079;3;;CENTRO DESARROLLO INFANTIL CDI CL PPAL B.CENTRO
BOLIVAR;CICUCO;PUEBLO NUEVO;67;86;153;1;;I.E.S.F/CISCO DE LOBA-PUEBLO N
BOLIVAR;CICUCO;SAN FRANCISCO DE LOBA;809;940;1749;5;;ESTADERO SOL TROPICAL CLL LA ALBARRADA B. ARRIBA
BOLIVAR;CICUCO;SAN JAVIER;109;135;244;1;;I.E.C.TEC.NRA SRA.DE M/CLARO-S
BOLIVAR;CORDOBA;PUESTO CABECERA MUNICIPAL;2453;2886;5339;16;;CLL 10 CRA 9 ESQUINA BARRIO EL CARMELO
BOLIVAR;CORDOBA;GUAIMARAL;633;752;1385;4;;I.E.TEC.AGROINDUST. DE GUAIMAR
BOLIVAR;CORDOBA;SAN ANDRES;1056;1212;2268;7;;SAN ANDRES CLL PRINCIPAL
BOLIVAR;CORDOBA;SINCELEJITO;434;505;939;3;;C.E. DE SINCELEJITO
BOLIVAR;CORDOBA;TACAMOCHO;850;1027;1877;6;;BARRIO ABAJO CORREG. TACAMOCHO
BOLIVAR;CORDOBA;MARTIN ALONZO;700;832;1532;5;;I.E.LUIS VILLAFAÑE PAREJA MART
BOLIVAR;CORDOBA;PUEBLO NUEVO;404;461;865;3;;CLL PRINCIPAL CORREG. PUEBLO NUEVO
BOLIVAR;CORDOBA;SANTA LUCIA;256;364;620;2;;I.E. DE TACAMOCHO SEDE SANTA
BOLIVAR;CORDOBA;TACAMOCHITO;271;341;612;2;;CLL PRINCIPAL CORREG TACAMOCHITO
BOLIVAR;CORDOBA;VEREDA LA SIERRA;50;83;133;1;;IE OSWALDO OCHOA SEDE LA SIERRA
BOLIVAR;CLEMENCIA;PUESTO CABECERA MUNICIPAL;5895;5939;11834;36;;Ins Edu Tec Agropecuaria San Jose de Clemencia
BOLIVAR;CLEMENCIA;EL PEÑIQUE;213;268;481;2;;I.E. Ntra Sra Del Carmen De las Caras El Peñique
BOLIVAR;CLEMENCIA;LAS CARAS;364;419;783;3;;I.E. Ntra Sra Del Carmen De las Caras Las Caras
BOLIVAR;EL CARMEN DE BOLIVAR;IE AGROEMP  JULIO CESAR TURBAY;2200;2922;5122;16;;CLL. 23 CON CR. 51 ESQUINA
BOLIVAR;EL CARMEN DE BOLIVAR;IE ESPIRITU SANTO;3131;2060;5191;16;;CR. 39 No: 27-10, BARRIO LOS MANGOS
BOLIVAR;EL CARMEN DE BOLIVAR;IE GABRIEL GARCIA TABOADA;2436;2442;4878;15;;MZ. 23 LOTE 3-58, BARRIO MINUTO DE DIOS
BOLIVAR;EL CARMEN DE BOLIVAR;IE TEC AGROEMP GABRIELA MISTRAL;1274;2639;3913;12;;KRA. 49 No. 21 -31
BOLIVAR;EL CARMEN DE BOLIVAR;IE TEC AGRO GIOVANNI CRISTINI SEDE JFK;2290;2180;4470;14;;CALLE 27A CON CRA. 36
BOLIVAR;EL CARMEN DE BOLIVAR;IE MARIA INMACULADA;2824;2880;5704;18;;CL 26 CRA. 46 ESQUINA
BOLIVAR;EL CARMEN DE BOLIVAR;IE MANUEL EDMUNDO MENDOZA;3761;5150;8911;27;;CLL 21 KRA 53
BOLIVAR;EL CARMEN DE BOLIVAR;IE TEC IND JUAN FEDERICO HOLLMAN;5403;4267;9670;29;;CLL 33 KRA 53
BOLIVAR;EL CARMEN DE BOLIVAR;BAJO GRANDE;364;447;811;3;;ESC RURAL DE BAJO GRANDE
BOLIVAR;EL CARMEN DE BOLIVAR;CARACOLI;1050;1116;2166;6;;ESC. RURAL CGTO DE CARACOLI
BOLIVAR;EL CARMEN DE BOLIVAR;CENTRO ALEGRE;94;178;272;1;;ESC. RURAL CGTO DE CTRO. ALEGR
BOLIVAR;EL CARMEN DE BOLIVAR;EL HOBO;538;694;1232;4;;ESC. RURAL CGTO EL HOBO
BOLIVAR;EL CARMEN DE BOLIVAR;EL SALADO;543;689;1232;4;;ESC. RURAL CGTO EL SALADO
BOLIVAR;EL CARMEN DE BOLIVAR;GUAMANGA;330;467;797;3;;ESC. RURAL CGTO GUAMANGA
BOLIVAR;EL CARMEN DE BOLIVAR;HATO NUEVO;237;289;526;2;;ESC. RURAL CGTO DE HATO NVO.
BOLIVAR;EL CARMEN DE BOLIVAR;JESUS DEL MONTE;60;113;173;1;;ESC. RURAL CGTO DE JESUS DEL M
BOLIVAR;EL CARMEN DE BOLIVAR;CANZONA;323;477;800;3;;ESC. RURAL CGTO LA CANZONA
BOLIVAR;EL CARMEN DE BOLIVAR;LA SIERRA;76;160;236;1;;ESC. RURAL CGTO LA SIERRA
BOLIVAR;EL CARMEN DE BOLIVAR;MACAYEPO;473;675;1148;4;;ESC. RURAL CGTO DE MACAYEPO
BOLIVAR;EL CARMEN DE BOLIVAR;LAZARO;269;414;683;2;;ESC. RURAL CGTO DE LAZARO
BOLIVAR;EL CARMEN DE BOLIVAR;ARENAS;49;78;127;1;;ESC. RURAL CGTO DE ARENAS
BOLIVAR;EL CARMEN DE BOLIVAR;RAIZAL SANTA LUCIA;508;575;1083;3;;ESC. RURAL CGTO DE RAIZAL SANT
BOLIVAR;EL CARMEN DE BOLIVAR;SAN CARLOS;185;270;455;2;;ESC. RURAL CGTO DE SAN CARLOS
BOLIVAR;EL CARMEN DE BOLIVAR;SAN ISIDRO;559;788;1347;4;;ESC. RURAL CGTO DE SAN ISIDRO
BOLIVAR;EL CARMEN DE BOLIVAR;SANTO DOMINGO DE MEZA;214;338;552;2;;ESC.RURAL CGTO DE STO DOMINGO
BOLIVAR;EL CARMEN DE BOLIVAR;VERDUM;488;647;1135;4;;ESC. RURAL CGTO DE VERDUM
BOLIVAR;EL GUAMO;PUESTO CABECERA MUNICIPAL;2124;2399;4523;14;;ESC. SANTA LUCIA CL SANTANDER
BOLIVAR;EL GUAMO;LA ENEA;200;230;430;2;;I.E.DE LA ENEA
BOLIVAR;EL GUAMO;LATA;165;210;375;2;;I.E. DE LATA
BOLIVAR;EL GUAMO;NERVITI;487;626;1113;4;;I.E. DE NERVITI
BOLIVAR;EL GUAMO;ROBLES;741;896;1637;5;;I.E. DE ROBLES
BOLIVAR;EL GUAMO;TASAJERA;130;178;308;1;;I.E. DE TASAJERA
BOLIVAR;HATILLO DE LOBA;PUESTO CABECERA MUNICIPAL;1923;2205;4128;13;;I.E. HATILLO
BOLIVAR;HATILLO DE LOBA;CERRO DE LAS AGUADAS;145;178;323;1;;I.E. HATILLO SEDE EL CERRO
BOLIVAR;HATILLO DE LOBA;EL POZON;194;260;454;2;;I.E. EL VIOLO SEDE EL POZON
BOLIVAR;HATILLO DE LOBA;JUANA SANCHEZ;609;706;1315;4;;I.E. JUANA SANCHEZ SEDE PRIMAR
BOLIVAR;HATILLO DE LOBA;LA RIBONA;520;571;1091;3;;I.E. LA RIBONA SEDE PRIMARIA.
BOLIVAR;HATILLO DE LOBA;LA VICTORIA;1070;1395;2465;7;;IE TEC AGROPECUARIA DE LA VICTORIA BACHI
BOLIVAR;HATILLO DE LOBA;LAS BRISAS;193;248;441;2;;I.E. EL VIOLO SEDE LAS BRISAS
BOLIVAR;HATILLO DE LOBA;PUEBLO NUEVO;143;211;354;1;;I.E. EL VIOLO SEDE PUEBLO NVO.
BOLIVAR;HATILLO DE LOBA;SAN MIGUEL;869;1061;1930;6;;I.E. SAN MIGUEL SEDE UNICA
BOLIVAR;EL PEÑON;PUESTO CABECERA MUNICIPAL;1581;1726;3307;10;;BARRIO LAS DELICIAS VIA A PEÑONSITO
BOLIVAR;EL PEÑON;BUENOS AIRES;229;294;523;2;;I.E.BUENOS AIRES. SEDE BARRILLERATO
BOLIVAR;EL PEÑON;CASTAÑAL;291;329;620;2;;I.E. DE CASTAÑAL. BARRIO EL CARMEN
BOLIVAR;EL PEÑON;CHAPETONA;379;460;839;3;;I.E. DE LA CHAPETONA. CALLE PRINCIPAL
BOLIVAR;EL PEÑON;LA HUMAREDA;161;198;359;1;;C.E. DE LA HUMAREDA. BARRIO ARRIBA
BOLIVAR;EL PEÑON;EL JAPON;62;103;165;1;;ESC. RURAL DE JAPON. CALLE PRINCIPAL
BOLIVAR;EL PEÑON;PEÑONCITO;508;551;1059;3;;I.E. DE PEÑONSITO. VIA AL CAMPO
BOLIVAR;MAGANGUE;COLEGIO COMUNAL VERSALLES SD SUR;2420;2225;4645;14;01COMUNA 1;COLEGIO COMUNAL VERSALLES SEDE BARRIO SUR
BOLIVAR;MAGANGUE;COLEGIO DPTAL YATI;1736;1772;3508;11;01COMUNA 1;NUEVO MEGA COLEGIO DEPTAL DE YATI - VIA PTO SALUD
BOLIVAR;MAGANGUE;I.E.COMUNAL VERSALLES SEDE PAL;3412;2908;6320;19;02COMUNA 2;CALLE 6 PAEZ No. 10 A 20
BOLIVAR;MAGANGUE;I.E.COM. VERSALLES S.ILUSION;1181;1047;2228;7;02COMUNA 2;BARRIO ALFONSO LOPEZ CRA 6A No. 10D-71
BOLIVAR;MAGANGUE;I.E. LICEO MODERNO DE LA CANDELARIA;1781;2029;3810;12;01COMUNA 1;LA CANDELARIA AV. CANDELARIA
BOLIVAR;MAGANGUE;INST.EDUC.SAN JOSE N.1;3088;2806;5894;18;03COMUNA 3;AV. SAN JOSE BR. SAN JOSE
BOLIVAR;MAGANGUE;COLISEO CUBIERTO DE ALTO R.;6306;4663;10969;33;04COMUNA 4;AV. DIEGO DE CARVAJAL B.STA RITA CL 16 CRA 25-27
BOLIVAR;MAGANGUE;LICEO JOAQUIN FDO. VELEZ;3400;2968;6368;20;05COMUNA 5;VIA CAMILO CT. P/PAL
BOLIVAR;MAGANGUE;ESC. OFICIAL CAMILO TORRES;1870;1663;3533;11;05COMUNA 5;BR. CAMILO TORRES-SC LA CANCHA
BOLIVAR;MAGANGUE;I.E. SAN JOSE No. 2;3736;4545;8281;25;03COMUNA 3;LA ESMERALDA
BOLIVAR;MAGANGUE;IE LICEO MODERNO;2095;2483;4578;6;;CLL 17 No 9-31 BARRIO OLAYA
BOLIVAR;MAGANGUE;CARCEL;12;90;102;1;;CALLE 13 N66-36
BOLIVAR;MAGANGUE;BARBOSA;704;816;1520;5;06CORREGIMIENTO BARBOSA;ESC.OFICIAL BARBOSA
BOLIVAR;MAGANGUE;BARRANCA DE YUCA;1463;1570;3033;9;07CORREGIMIENTO BARRANCA DE YUCA;CORREGIMIENTO BARRANCA YUCA
BOLIVAR;MAGANGUE;BETANIA;517;556;1073;3;08CORREGIMIENTO BETANIA;ESC.OFICIAL BETANIA
BOLIVAR;MAGANGUE;BOCAS DE SAN ANTONIO;143;218;361;1;09CORREGIMIENTO BOCAS DE SAN ANT;ESC.OFICIAL BOCAS DE S.ANTONIO
BOLIVAR;MAGANGUE;CASCAJAL;2033;2100;4133;12;10 CORREGIMIENTO CASCAJAL;ESC.OFICIAL CASCAJAL
BOLIVAR;MAGANGUE;CEIBAL;665;731;1396;4;11 CORREGIMIENTO  CEIBAL;ESC.OFICIAL CEIBAL
BOLIVAR;MAGANGUE;COYONGAL;341;391;732;3;12 CORREGIMIENTO  COYONGAL;ESC.OFICIAL COYONGAL
BOLIVAR;MAGANGUE;EL CUATRO;607;587;1194;4;13 CORREGIMIENTO  EL CUATRO;ESC.OFICIAL EL CUATRO
BOLIVAR;MAGANGUE;GUAZO;263;318;581;2;14 CORREGIMIENTO  GUAZO;ESC.OFICIAL GUAZO
BOLIVAR;MAGANGUE;HENEQUEN;1303;1303;2606;8;15 CORREGIMIENTO HENEQUEN;ESC.OFICIAL HENEQUEN
BOLIVAR;MAGANGUE;EMAUS;299;314;613;2;16 CORREGIMIENTO EMAUS;ESC.OFICIAL EMAUS
BOLIVAR;MAGANGUE;ISLA GRANDE;645;722;1367;4;17 CORREGIMIENTO ISLA GRANDE;ISLA GRANDE
BOLIVAR;MAGANGUE;JUAN ARIAS;996;972;1968;6;18 CORREGIMIENTO JUAN ARIAS;ESC.OFICIAL JUAN ARIAS
BOLIVAR;MAGANGUE;LA PASCUALA;1153;1303;2456;7;19 CORREGIMIENTO LA PASCUALA;ESC.OFICIAL LA PASCUALA
BOLIVAR;MAGANGUE;LAS BRISAS;329;395;724;2;20 CORREGIMIENTO LAS BRISAS;ESC.OFICIAL LAS BRISAS
BOLIVAR;MAGANGUE;MADRID;553;571;1124;4;21 CORREGIMIENTO MADRID;ESC.OFICIAL MADRID
BOLIVAR;MAGANGUE;PANSEGUITA;495;561;1056;3;22 CORREGIMIENTO PANSEGUITA;ESC.OFICIAL PANSEGUITA
BOLIVAR;MAGANGUE;PALMARITO;312;377;689;2;23 CORREGIMIENTO PALMARITO;ESC.OFICIAL PALMARITO
BOLIVAR;MAGANGUE;PIÑALITO;956;1066;2022;6;24 CORREGIMIENTO PIÑALITO;ESC.OFICIAL PIÑALITO
BOLIVAR;MAGANGUE;PLAYA DE LAS FLORES;111;164;275;1;25 CORREGIMIENTO PLAYA DE LAS FL;ESC.OFICIAL PLAYA DE LAS FLORE
BOLIVAR;MAGANGUE;PUERTO KENNEDY;333;380;713;2;26 CORREGIMIENTO PUERTO KENNEDY;ESC.OFICIAL PUERTO KENEDI
BOLIVAR;MAGANGUE;PUNTA DE CARTAGENA;185;239;424;2;27 CORREGIMIENTO PUNTA DE CARTAG;ESC.OFICIAL PUNTA DE CARTAGENA
BOLIVAR;MAGANGUE;EL RETIRO;829;916;1745;5;28 CORREGIMIENTO EL RETIRO;ESC.OFICIAL EL RETIRO
BOLIVAR;MAGANGUE;PUERTO NARIÑO;208;246;454;2;29CORREGIMIENTO PUERTO NARIÑO;ESC.OFICIAL PUERTO NARIÑO
BOLIVAR;MAGANGUE;ROMA;77;92;169;1;30CORREGIMIENTO ROMA;ESC.OFICIAL ROMA
BOLIVAR;MAGANGUE;SAN ANTOÑITO;198;235;433;2;31CORREGIMIENTO SAN ANTOÑITO;CORREGIMIENTO SAN ANTOÑITO
BOLIVAR;MAGANGUE;SAN JOSE DE LAS MARTAS;310;413;723;2;32CORRE. SAN JOSE DE LAS MARTAS;ESC.OFICIAL S. JOSE DE LASMART
BOLIVAR;MAGANGUE;SAN RAFAEL DE CORTINA;774;754;1528;5;33CORRE. SAN RAFAEL DE CORTINA;ESC.OFICIAL S. RAFAEL DECORTIN
BOLIVAR;MAGANGUE;SAN SEBASTIAN DE BUENAVISTA;316;401;717;2;34CORRE. SAN SEBASTIAN DE BUENAV;ESC.OFICIAL S.SEB. DE BUENAVIS
BOLIVAR;MAGANGUE;SANTA COITA;109;147;256;1;35CORREGIMIENTO SANTA COITA;ESC.OFICIAL SANTA COITA
BOLIVAR;MAGANGUE;SANTA FE;960;1036;1996;6;36CORREGIMIENTO SANTA FE;ESC.OFICIAL SANTA FE
BOLIVAR;MAGANGUE;SANTA LUCIA;510;515;1025;3;37CORREGIMIENTO SANTA LUCIA;ESC.OFICIAL SANTA LUCIA
BOLIVAR;MAGANGUE;SANTA MONICA;142;148;290;1;38CORREGIMIENTO SANTA MONICA;ESC.OFICIAL SANTA MONICA
BOLIVAR;MAGANGUE;SANTA PABLA;181;227;408;2;39CORREGIMIENTO SANTA PABLA;ESC.OFICIAL SANTA PABLA
BOLIVAR;MAGANGUE;SITIONUEVO;522;616;1138;4;40CORREGIMIENTO SITIONUEVO;ESC.OFICIAL SITIO NVO.
BOLIVAR;MAGANGUE;TACALOA;365;507;872;3;41CORREGIMIENTO TACALOA;ESC.OFICIAL TACALOA
BOLIVAR;MAGANGUE;TACASALUMA;614;689;1303;4;42CORREGIMIENTO TACASALUMA;ESC.OFICIAL TACASALUMA
BOLIVAR;MAGANGUE;TRES PUNTAS;263;320;583;2;43CORREGIMIENTO SABANETA;ESC.OFICIAL TRES PUNTAS
BOLIVAR;MAGANGUE;TOLU;217;282;499;2;44CORREGIMIENTO TOLU;ESC.OFICIAL TOLU
BOLIVAR;MAGANGUE;LA VENTURA;705;792;1497;5;45CORREGIMIENTO LA  VENTURA;CORREGIMIENTO LA VENTURA
BOLIVAR;MAGANGUE;SABANETA;116;132;248;1;46CORREGIMIENTO SABANETA;ESC.OFICIAL DE ZABANETA
BOLIVAR;MAHATES;IE CAMILO TORRES SD NUESTRA SEÑORA DEL C;2590;2740;5330;16;;PLAZA PRINCIPAL
BOLIVAR;MAHATES;IE CAMILO TORRES SD SAGRADO CORAZON DE J;2708;2900;5608;17;;PLAZA PRINCIPAL DIAGONAL AL PALACIO MUNICIPAL
BOLIVAR;MAHATES;EVITAR;780;827;1607;5;;BARRIO LA LOMA EVITAR
BOLIVAR;MAHATES;GAMERO;542;563;1105;4;;CALLE PRINCIPAL DIAGONAL A LA IGLESIA CATOLICA
BOLIVAR;MAHATES;MALAGANA;2765;2691;5456;15;;BARRIO EL CAMPO MALAGANA
BOLIVAR;MAHATES;MANDINGA;269;314;583;2;;EL PUEBLITO DE MANDINGA
BOLIVAR;MAHATES;SAN BASILIO DEL PALENQUE;1304;1330;2634;8;;DIAGONAL AL CEMENTERIO DE SAN BASILIO
BOLIVAR;MAHATES;SAN JOAQUIN;327;371;698;2;;PLAZA PRINCIPAL DE SAN JOAQUIN
BOLIVAR;MARGARITA;I.E.DE MARGARITA - SEDE MARIA BERNARDA;1047;1261;2308;7;;CALLE UNICA ZONA NORTE SECTOR 4
BOLIVAR;MARGARITA;BOTON DE LEIVA;325;350;675;2;;I.E.DE MARGARITA-BOTON DE LEIVA
BOLIVAR;MARGARITA;CAUSADO;219;233;452;2;;I.E. DE MARGARITA-SEDE CAUSAO
BOLIVAR;MARGARITA;CANTERA;216;257;473;2;;I.E DE CHILLOA-SEDE CANTERA
BOLIVAR;MARGARITA;CAÑO MONO;111;127;238;1;;I.E DE MAMONCITO-SEDE CAÑO MON
BOLIVAR;MARGARITA;COROCITO;269;324;593;2;;I.E DE MAMONCITO-SEDE COROCITO
BOLIVAR;MARGARITA;CHILLOA;404;486;890;3;;I.E DE CHILLOA-CL P/PAL
BOLIVAR;MARGARITA;DOÑA JUANA;312;385;697;2;;I.E DE CHILLOA-SEDE DOÑA JUANA
BOLIVAR;MARGARITA;GUATACA SUR;544;703;1247;4;;I.E DE GUATACA SUR-CL P/PAL
BOLIVAR;MARGARITA;LA MONTAÑA;279;351;630;2;;I.E DE LA MONTAÑA-GUATACA SUR
BOLIVAR;MARGARITA;MAMONCITO;648;747;1395;4;;I.E DE MAMONCITO-CL P/PAL
BOLIVAR;MARGARITA;SAN JOSE;250;270;520;2;;I.E DE CHILLOA-SEDE SAN JOSE
BOLIVAR;MARGARITA;SANDOVAL;239;288;527;2;;I.E DE CHILLOA-SEDE SANDOVAL
BOLIVAR;MARIA LA BAJA;I.E.T.A . D. D.R SEDE LAS DELI;480;3217;3697;12;;CALLE 07 # 10-01
BOLIVAR;MARIA LA BAJA;I.E. RAFAEL URIBE URIBE SEDE 4;2219;1102;3321;10;;KRA 18 CALLE 1 H - 70 BARRIO EL RECREO
BOLIVAR;MARIA LA BAJA;CENTRO DE INTEGRACION CIUDADANA CIC;1691;1421;3112;10;;URB. VIRGEN DEL CARMEN BARRIO CALLE PRINCIPAL
BOLIVAR;MARIA LA BAJA;I.E. RAFAEL URIBE URIBE SEDE 1;3538;2386;5924;18;;KRA 19 # 21-39
BOLIVAR;MARIA LA BAJA;I.E TEC ACUICOLA SAN FRANCSICO;1908;2032;3940;12;;KRA 14 # 26-02
BOLIVAR;MARIA LA BAJA;IETAE SAN FRANCISCO ASIS SD PTO SANT.;382;295;677;3;;PUERTO SANTANDER CRA 14
BOLIVAR;MARIA LA BAJA;INSTITUCIÓN EDUCATIVA SAN LUIS BELTRAN;340;219;559;2;;CALLE 20 BARRIO CHUMBUN
BOLIVAR;MARIA LA BAJA;CORREA;342;436;778;3;;C.E. DE CORREA
BOLIVAR;MARIA LA BAJA;ARROYO GRANDE;401;375;776;3;;ARROYO GRANDE
BOLIVAR;MARIA LA BAJA;COLÚ;297;298;595;2;;I.E.TEC. AGROPE.#2 SEDE COLU
BOLIVAR;MARIA LA BAJA;EL NISPERO;672;774;1446;4;;IETA de Flamenco Sede Níspero Arriba
BOLIVAR;MARIA LA BAJA;FLAMENCO;459;516;975;3;;I.E.TEC AGROINDUST. DE FLAMENC
BOLIVAR;MARIA LA BAJA;LOS BELLOS;739;840;1579;5;;C.E. RURAL MIXTO LOS BELLOS
BOLIVAR;MARIA LA BAJA;MAMPUJAN;488;477;965;3;;ESCUELA RURAL MIXTA DE MAMPUJ
BOLIVAR;MARIA LA BAJA;MATUYA;1115;1149;2264;7;;C.E. RURAL MIXTO DE MATUYA
BOLIVAR;MARIA LA BAJA;NUEVA FLORIDA;1130;1187;2317;7;;I.E. AGR. NVA FLORIDA SEDE #1
BOLIVAR;MARIA LA BAJA;ÑANGUMA;298;384;682;2;;C.E. ESC. RURAL MIXTA DE ÑANGUMA
BOLIVAR;MARIA LA BAJA;RETIRO NUEVO;1027;1031;2058;6;;C.E. RURAL MIXTO DE RETIRO NVO
BOLIVAR;MARIA LA BAJA;SAN JOSE DEL PLAYON;1461;1649;3110;9;;I.E.TEC. AGR. SAN JOSÉ DE PLAYON
BOLIVAR;MARIA LA BAJA;SAN PABLO;2144;2263;4407;13;;I.E.TEC.AGROINDUST. DE SAN PAB
BOLIVAR;MARIA LA BAJA;PUEBLO NUEVO;154;148;302;1;;IE RETIRO NVO S PUEB NVO CTRA TRONC VIA SN ONOFRE
BOLIVAR;MARIA LA BAJA;SAN PABLO 2 PRIMERO DE JULIO;731;606;1337;4;;IETA SAN PABLO SEDE PRIMERO DE JULIO
BOLIVAR;MARIA LA BAJA;EL SENA;394;362;756;3;;IE RAFAEL URIBE URIBE SEDE SENA
BOLIVAR;MONTECRISTO;PUESTO CABECERA MUNICIPAL;2461;3001;5462;17;;I.E. M/TECRISTO BR FLORDELESTE
BOLIVAR;MONTECRISTO;ALTO CARIBONA;74;211;285;1;;ALTO CARIBONA
BOLIVAR;MONTECRISTO;BETANIA;176;205;381;2;;C.E. BETANIA
BOLIVAR;MONTECRISTO;CAMPO ALEGRE;118;226;344;1;;SALON COMUNAL- CAMPO ALEGRE
BOLIVAR;MONTECRISTO;EL PARAISO;153;279;432;2;;C.E. EL PARAISO
BOLIVAR;MONTECRISTO;EL DORADO;83;162;245;1;;C.E. EL DORADO
BOLIVAR;MONTECRISTO;PLATANAL;32;58;90;1;;C.E. PLATANAL
BOLIVAR;MONTECRISTO;PUEBLO LINDO;259;371;630;2;;C.E. PUEBLO LINDO
BOLIVAR;MONTECRISTO;PUERTO ESPAÑA;140;191;331;1;;C.E. PUERTO ESPAÑA
BOLIVAR;MONTECRISTO;REGENERACION;371;552;923;3;;C.E. REGENERACION
BOLIVAR;MONTECRISTO;SAN AGUSTIN;117;240;357;1;;C.E. SAN AGUSTIN
BOLIVAR;MONTECRISTO;SAN MATEO;64;91;155;1;;C.E. SAN MATEO
BOLIVAR;MONTECRISTO;TABURETERA;78;131;209;1;;C.E. TABURETERA
BOLIVAR;MONTECRISTO;VILLA ESPERANZA;184;268;452;2;;SALON COMUNAL VILLA ESPERANZA
BOLIVAR;MONTECRISTO;VILLA URIBE;213;305;518;2;;C.E. VILLA URIBE
BOLIVAR;MOMPOS;IE TEC COL NAL PINILLOS SD M AUXILIADORA;1322;3768;5090;16;;CARRERA 4 No 22-75
BOLIVAR;MOMPOS;IE TEC AGRO T. NAJERA SD A HEREDIA;3725;2055;5780;18;;CARRERA 2 No 26-75
BOLIVAR;MOMPOS;IE TEC COL NAL PINILLOS;3605;2256;5861;18;;CALLE 18 No 2B-44
BOLIVAR;MOMPOS;COL STA CRUZ DE MOMPOS;2676;2519;5195;16;;CARRERA 3 No 10-191
BOLIVAR;MOMPOS;CALDERA;399;473;872;3;;I.E. DE CANDELARIA- CALDERA
BOLIVAR;MOMPOS;ANCON;215;243;458;2;;I.E. DE LA RINCONADA- ANCON
BOLIVAR;MOMPOS;CANDELARIA;528;622;1150;4;;I.E. DE CANDELARIA
BOLIVAR;MOMPOS;EL CARMEN DE CICUCO;198;261;459;2;;I.E. DE CANDELARIA-EL CARMEN D
BOLIVAR;MOMPOS;EL ROSARIO;108;142;250;1;;I.E. DE LA TRAVESIA SEDE EL ROSARIO
BOLIVAR;MOMPOS;BOMBA;105;133;238;1;;I.E. DE LA TRAVESIA SEDE BOMBA
BOLIVAR;MOMPOS;GUAIMARAL;354;481;835;3;;I.E. LAS BOQUILLAS -GUAIMARAL
BOLIVAR;MOMPOS;GUATACA;854;939;1793;5;;I.E DE GUATACA
BOLIVAR;MOMPOS;LA LOBATA;382;479;861;3;;I.E. LAS BOQUILLAS- LA LOBATA
BOLIVAR;MOMPOS;LA RINCONADA;1008;1173;2181;6;;I.E DE LA RINCONADA
BOLIVAR;MOMPOS;LA JAGUA;58;91;149;1;;I.E. RIO GDE DE LA MAGDALENA SEDE LA JAGUA
BOLIVAR;MOMPOS;LA TRAVESIA;226;265;491;2;;I.E. DE LA TRAVESIA
BOLIVAR;MOMPOS;LAS BOQUILLAS;716;853;1569;5;;I.E. LAS BOQUILLAS
BOLIVAR;MOMPOS;LOMA DE SIMON;445;487;932;3;;I.E.DE TIERRA FIRME SEDE LOMA DE SIMON
BOLIVAR;MOMPOS;LOS PIÑONES;309;373;682;2;;I.E. NORMAL SUPERIOR SEDE LOS PIÑONES
BOLIVAR;MOMPOS;PUEBLO NUEVO;107;135;242;1;;I.E DE GUATACA SEDE PUEBLO NVO
BOLIVAR;MOMPOS;SAN IGNACIO;224;297;521;2;;I.E.RIO G.LA MAGDALEN.SAN IGNACIO
BOLIVAR;MOMPOS;SAN LUIS;96;127;223;1;;I.E. DE CANDELARIA-SAN LUIS
BOLIVAR;MOMPOS;SAN NICOLAS;237;315;552;2;;I.E. LAS BOQUILLAS-SAN NICOLAS
BOLIVAR;MOMPOS;SANTA CRUZ;591;694;1285;4;;I.E. RIO GRANDE DE LA MAGDALEN
BOLIVAR;MOMPOS;SANTA ELENA;127;137;264;1;;I.E. DE LA TRAVESIA SEDE SANTA ELENA
BOLIVAR;MOMPOS;SANTA ROSA;309;371;680;2;;I.E.RIO G.LA MAGDALEN.STA.ROSA
BOLIVAR;MOMPOS;SANTA TERESITA;741;854;1595;5;;I.E. DE TIERRA FIRME
BOLIVAR;MOMPOS;VILLANUEVA;92;105;197;1;;I.E. DE LA TRAVESIA SEDE VILLANUEVA
BOLIVAR;MORALES;CDI UN MUNDO DE AMOR;3124;3734;6858;21;;CRA 5 CON 6 CLL 16 BARRIO EL PROGRESO
BOLIVAR;MORALES;BOCA DE LA HONDA;263;320;583;2;;CENT EDUC LA PALMA SEDE TRIBUTARIA BOCA DE LA HOND
BOLIVAR;MORALES;BODEGA CENTRAL;458;536;994;3;;INST EDUC DE BODEGA CENTRAL
BOLIVAR;MORALES;EL DIQUE;394;446;840;3;;INST EDUC EL DIQUE
BOLIVAR;MORALES;CORCOBADO;191;284;475;2;;CENT EDUC CORCOBADO
BOLIVAR;MORALES;LA PALMA;273;288;561;2;;CENT EDUC LA PALMA
BOLIVAR;MORALES;LA ESMERALDA;224;220;444;2;;CENT EDUC LA PALMA SEDE TRIBUTARIA LA ESMERALDA
BOLIVAR;MORALES;LAS PAILAS;194;249;443;2;;INST EDUC EL DIQUE SEDE TRIBUTARIA LAS PAILAS
BOLIVAR;MORALES;MICOAHUMADO;534;759;1293;4;;INST EDUC MICOAHUMADO
BOLIVAR;MORALES;MINA GALLO;195;303;498;2;;CENT EDUC CORCOBADO SEDE TRIBUTARIA MINA GALLO
BOLIVAR;MORALES;PAREDES DE ORORIA;65;72;137;1;;INST EDUC VICENTE HONDARZA SEDE TRIBUTARIA PAREDES
BOLIVAR;NOROSI;PUESTO CABECERA MUNICIPAL;1161;1440;2601;8;;CALLE 1 No 7-04
BOLIVAR;NOROSI;BUENA SEÑA;326;426;752;3;;I.E.SEDE PRIMARIA
BOLIVAR;NOROSI;EL BEBEDERO;57;70;127;1;;IE NOROSI SD EL BEBEDERO CALLE PRINCIPAL
BOLIVAR;NOROSI;LAS NIEVES;40;78;118;1;;IE DE NOROSI SEDE LAS NIEVES
BOLIVAR;NOROSI;CASA DE BARRO;75;136;211;1;;I.E.SEDE PRIMARIA
BOLIVAR;NOROSI;OLIVARES;140;147;287;1;;CENTRO DE DESARROLLO INFANTIL (CDI)
BOLIVAR;NOROSI;SANTA ELENA;167;184;351;1;;I.E.SEDE PRIMARIA
BOLIVAR;NOROSI;MINA BRISA;159;242;401;2;;I.E.SEDE PRIMARIA
BOLIVAR;NOROSI;MINA ESTRELLA;130;150;280;1;;I.E MINA ESTRELLA
BOLIVAR;NOROSI;VILLA ARIZA;86;118;204;1;;I.E VILLA ARIZA
BOLIVAR;PINILLOS;PUESTO CABECERA MUNICIPAL;2060;2497;4557;14;;EL CARMEN CRA 8 CALLE 13
BOLIVAR;PINILLOS;ARMENIA;793;907;1700;5;;I.E ARMENIA CALLE SEGUNDA(SECTOR CENTRO)
BOLIVAR;PINILLOS;BUENOS AIRES;109;133;242;1;;I.E. CTRO. LADO IGLESIA
BOLIVAR;PINILLOS;EL LIBANO;125;162;287;1;;I.E. CTRO.
BOLIVAR;PINILLOS;LA RUFINA;134;186;320;1;;I.E. CL P/PAL
BOLIVAR;PINILLOS;LA UNION;101;155;256;1;;I.E. CL 1ERA
BOLIVAR;PINILLOS;LAS CONCHITAS;456;595;1051;3;;I.E. CTRO. AL LADO IGLESIA
BOLIVAR;PINILLOS;LAS FLORES;347;418;765;3;;I.E. CTRO BR. ABAJO
BOLIVAR;PINILLOS;LA UNION (CABECERA);222;249;471;2;;I.E. CTRO. CL 3ERA
BOLIVAR;PINILLOS;LA VICTORIA;153;208;361;1;;I.E. CTRO. AL LADO DEL CAMPO
BOLIVAR;PINILLOS;MANTEQUERA;348;472;820;3;;I.E. BR. ARRIBA
BOLIVAR;PINILLOS;NICARAGUA;223;289;512;2;;I.E. CTRO. DE LA POBLACION
BOLIVAR;PINILLOS;PALENQUITO;959;1149;2108;6;;BARRIO SAN MARTIN CALLE 3 CRA 4
BOLIVAR;PINILLOS;INSTITUCION EDUCATIVA DE PALOMINO;530;664;1194;4;;CALLE CENTRO BARRIO ABAJO
BOLIVAR;PINILLOS;PUERTO LOPEZ;648;839;1487;5;;I.E. CTRO. CL DEL PARQUE
BOLIVAR;PINILLOS;PUERTO NUEVO;101;117;218;1;;I.E. CTRO.
BOLIVAR;PINILLOS;PUERTO BELLO;156;186;342;1;;I.E. CTRO. DETRAS DEL POLI
BOLIVAR;PINILLOS;SANTA COA;283;344;627;2;;I.E. SEDE P/PAL BR. ABAJO
BOLIVAR;PINILLOS;SAN FRANCISCO;20;28;48;1;;I.E. CL UNICA
BOLIVAR;PINILLOS;SANTA ELENA (EL ESTOPAL);57;81;138;1;;I.E. CL UNICA
BOLIVAR;PINILLOS;SANTA ROSA;164;228;392;2;;I.E. BR. ABAJO CL 1
BOLIVAR;PINILLOS;TAPOA;167;213;380;2;;I.E. BR. ABAJO
BOLIVAR;PINILLOS;VIDA TRANQUILA;127;163;290;1;;I.E. CTRO.
BOLIVAR;PINILLOS;LOS LIMONES;252;341;593;2;;I.E. BR. ABAJO
BOLIVAR;PINILLOS;MONTECELIO;83;115;198;1;;I.E. CTRO.
BOLIVAR;REGIDOR;PUESTO CABECERA MUNICIPAL;1667;1986;3653;11;;INST EDUC TECN AGROP HECTOR M VIDES BALLESTEROS
BOLIVAR;REGIDOR;EL PIÑAL;102;104;206;1;;ESCUELA RURAL
BOLIVAR;REGIDOR;LOS CAIMANES;70;90;160;1;;ESCUELA RURAL
BOLIVAR;REGIDOR;SAN ANTONIO;255;325;580;2;;COL BTO DE SAN ANTONIO
BOLIVAR;REGIDOR;SAN CAYETANO;174;198;372;2;;ESCUELA RURAL
BOLIVAR;REGIDOR;SANTA TERESA;357;382;739;3;;COL BTO DE SANTA TERESA
BOLIVAR;RIOVIEJO;PUESTO CABECERA MUNICIPAL;2353;2673;5026;16;;I.E. RIOVIEJO SEDE SECUNDARIA
BOLIVAR;RIOVIEJO;CAMPO ALEGRE;121;162;283;1;;I.E. RIO VIEJO-CAMPO ALEGRE
BOLIVAR;RIOVIEJO;COBADILLO;172;199;371;2;;I.E. RIO VIEJO SEDE COBADILLO
BOLIVAR;RIOVIEJO;CAIMITAL;208;255;463;2;;I.E. RIO VIEJO SEDE CAIMITAL
BOLIVAR;RIOVIEJO;HATILLO;143;167;310;1;;I.E. RIO VIEJO SEDE HATILLO
BOLIVAR;RIOVIEJO;BLANCAS PALOMAS;45;72;117;1;;I.E.R. SEDE BLANCAS PALOMAS
BOLIVAR;RIOVIEJO;MACEDONIA;211;298;509;2;;I.E. RIO VIEJO SEDE MACEDONIA
BOLIVAR;SAN ESTANISLAO;INSTITUCION EDUC MAURICIO NELSON VISBAL;5942;5968;11910;36;;Carrera 14 N° 37-19
BOLIVAR;SAN ESTANISLAO;LAS PIEDRAS;2263;2420;4683;13;;CRA 26 No 10B-15 MEGACOLEGIO
BOLIVAR;SAN CRISTOBAL;INSTITUCION EDUC SAN CRISTOBAL SEDE - 01;3197;3285;6482;20;;CRA 3 Nº 22-46
BOLIVAR;SAN CRISTOBAL;HIGUERETAL;832;854;1686;5;;CALLE 8 No 3-39
BOLIVAR;SAN FERNANDO;PUESTO CABECERA MUNICIPAL;1131;1355;2486;8;;IE AGROPECUARIA S.FERNANDO CL REAL B.NORTE
BOLIVAR;SAN FERNANDO;GUASIMAL;447;445;892;3;;I.E. GUASIMAL
BOLIVAR;SAN FERNANDO;EL PALMAR;210;273;483;2;;I.E. EL PALMAR
BOLIVAR;SAN FERNANDO;EL GATO;69;116;185;1;;I.E. EL GATO
BOLIVAR;SAN FERNANDO;CENTRO DE VIDA;406;462;868;3;;CALLE PRINCIPAL
BOLIVAR;SAN FERNANDO;JOLON;114;142;256;1;;I.E. JOLON
BOLIVAR;SAN FERNANDO;PORVENIR;74;89;163;1;;I.E. PORVENIR
BOLIVAR;SAN FERNANDO;PUNTA DE HORNOS;492;520;1012;3;;I.E. PUNTA DE HORNOS
BOLIVAR;SAN FERNANDO;SANTA ROSA;925;1034;1959;6;;CLL 1 KM 22 CANCHA SINTETICA LA BOMBONERA
BOLIVAR;SAN FERNANDO;EL CONTADERO;182;202;384;2;;I.E. CONTADERO
BOLIVAR;SAN FERNANDO;LA GUADUA;189;266;455;2;;I.E. LA GUADUA
BOLIVAR;SAN FERNANDO;LAS CUEVAS;384;428;812;3;;I.E. LAS CUEVAS
BOLIVAR;SAN FERNANDO;PAMPANILLO;162;173;335;1;;I.E. PAMPANILLO
BOLIVAR;SAN JACINTO;I.E. PIO XII;591;5322;5913;18;;CL 13 No. 36A BARRIO LA GLORIA
BOLIVAR;SAN JACINTO;I.E. LEON XIII - SEDE SANTA LUCIA;3228;448;3676;12;;CRA. 33 No. 20 - 40 BARRIO SANTA LUCIA
BOLIVAR;SAN JACINTO;I.E. PIO XII - SD RAFAEL NUÑEZ;3222;1834;5056;16;;CLL 20 CRA 40 ESQUINA BARRIO CENTRO
BOLIVAR;SAN JACINTO;I.E. LEON XIII - SEDE LA ANUCIACION;2967;2976;5943;18;;TRANS. 46 CL 22 BARRIO EL PORVENIR
BOLIVAR;SAN JACINTO;ARENAS;88;142;230;1;;I.E  Sagrado corazón de Jesús
BOLIVAR;SAN JACINTO;BAJO GRANDE;34;37;71;1;;I.E Bajo Grande
BOLIVAR;SAN JACINTO;EL PARAISO;290;381;671;2;;I.E El paraiso
BOLIVAR;SAN JACINTO;LAS CHARQUITAS;36;66;102;1;;I. Educativa las Charquitas
BOLIVAR;SAN JACINTO;LAS PALMAS;124;186;310;1;;I.E León XIII sede las Palmas
BOLIVAR;SAN JACINTO;LAS MERCEDES;31;53;84;1;;I. Educativa Las Mercedes
BOLIVAR;SAN JACINTO;SAN CRISTOBAL;144;177;321;1;;I. E sede Antonia Santo
BOLIVAR;SAN JACINTO DEL CAUCA;PUESTO CABECERA MUNICIPAL;1626;1830;3456;11;;I.E. PLACIDO RETAMOZA BR. C
BOLIVAR;SAN JACINTO DEL CAUCA;ASTILLEROS;259;327;586;2;;I.E. DE ASTILLEOS
BOLIVAR;SAN JACINTO DEL CAUCA;BERMUDEZ;169;239;408;2;;ESC. TRIBUTARIA BERMUDEZ
BOLIVAR;SAN JACINTO DEL CAUCA;CAIMITAL;126;167;293;1;;ESC. TRIBUTARIA CAIMITAL
BOLIVAR;SAN JACINTO DEL CAUCA;GALINDO;253;353;606;2;;I.E. DE GALINDO -PLAZA
BOLIVAR;SAN JACINTO DEL CAUCA;LA RAYA;144;204;348;1;;ESC. TRIBUTARIA DE LA RAYA
BOLIVAR;SAN JACINTO DEL CAUCA;TENCHE;603;730;1333;4;;I.E. DE TENCHE-PLAZA
BOLIVAR;SAN JACINTO DEL CAUCA;MEJICO;199;304;503;2;;ESC. TRIBUTARIA DE MEJICO
BOLIVAR;SAN JUAN NEPOMUCENO;IE NORMAL SUP MONTES DE MARIA SD EL PROG;2717;4395;7112;22;;BARRIO EL PROGRESO
BOLIVAR;SAN JUAN NEPOMUCENO;INS.ED.DIOGENES ARRIETA ARRIB;2161;1022;3183;10;;BARRIO ARRIBA SEC LA VARIAN
BOLIVAR;SAN JUAN NEPOMUCENO;INS.ED.NOR.SUP.M.DE MARIA PRI;3111;1016;4127;13;;BARRIO CENTRO
BOLIVAR;SAN JUAN NEPOMUCENO;INS.ED.LA FLORESTA SAN JOSE;870;2399;3269;10;;BARRIO SAN JOSE
BOLIVAR;SAN JUAN NEPOMUCENO;IE TECNICA AGROPECUARIA RODOLFO BARRIOS;1103;3443;4546;14;;BARRIO CIUDADELA CARRERA 16 CALLE 7
BOLIVAR;SAN JUAN NEPOMUCENO;IE TECNICA EN SISTEMAS LA FLORESTA SD P;2673;1158;3831;12;;BARRIO LA FLORESTA CARRERA 2D CALLE 10
BOLIVAR;SAN JUAN NEPOMUCENO;CORRALITO;24;49;73;1;;I.E. CORRALITO
BOLIVAR;SAN JUAN NEPOMUCENO;SAN PEDRO CONSOLADO;555;654;1209;4;;IE SAN PEDRO CONSOLADO
BOLIVAR;SAN JUAN NEPOMUCENO;LA HAYA;151;186;337;1;;I.E. LA HAYA
BOLIVAR;SAN JUAN NEPOMUCENO;SAN JOSE DEL PEÑON;115;162;277;1;;I.E. SAN JOSE DEL PEÑON
BOLIVAR;SAN JUAN NEPOMUCENO;SAN AGUSTIN;188;269;457;2;;I.E. SAN AGUSTIN
BOLIVAR;SAN JUAN NEPOMUCENO;SAN CAYETANO;1278;1092;2370;7;;I.E. SAN CAYETANO
BOLIVAR;SAN JUAN NEPOMUCENO;SAN CAYETANO BACHILLERATO;1048;1376;2424;7;;CALLE 17A CARRERA 6 - 55
BOLIVAR;SAN JUAN NEPOMUCENO;SAN CAYETANO  - ARROYO HONDO;23;48;71;1;;IE SAN CAYETANO SEDE ARROYO HONDO
BOLIVAR;SAN MARTIN DE LOBA;PUESTO CABECERA MUNICIPAL;3921;4325;8246;25;;COLEGIO INETAM SEDE TRIBUTARIA No.2
BOLIVAR;SAN MARTIN DE LOBA;CHIMI;889;1060;1949;6;;ESCUELA RURAL MIXTA
BOLIVAR;SAN MARTIN DE LOBA;EL VARAL;169;183;352;1;;ESCUELA RURAL MIXTA
BOLIVAR;SAN MARTIN DE LOBA;JOBO;130;169;299;1;;CALLE PRINCIPAL
BOLIVAR;SAN MARTIN DE LOBA;PAPAYAL;433;575;1008;3;;ESCUELA RURAL MIXTA
BOLIVAR;SAN MARTIN DE LOBA;PLAYITAS;391;478;869;3;;ESCUELA RURAL MIXTA ZONA 2 PREESCOLAR
BOLIVAR;SAN MARTIN DE LOBA;PUEBLO NVO CERRO DE JULIO;153;228;381;2;;ESCUELA RURAL MIXTA
BOLIVAR;SAN PABLO;PUESTO CABECERA MUNICIPAL;8569;9141;17710;54;;INST. EDUC. LA INTEGRADA CLL 12 CRA 7 Y 8
BOLIVAR;SAN PABLO;CANALETAL;185;219;404;2;;SEDE EDUCATIVA CANALETAL
BOLIVAR;SAN PABLO;VALLECITO;69;118;187;1;;SEDE EDUCATIVA VALLECITO
BOLIVAR;SAN PABLO;AGUASUCIA;88;162;250;1;;SEDE EDUCATIVA AGUA SUCIA
BOLIVAR;SAN PABLO;EL CARMEN;99;136;235;1;;SEDE EDUCATIVA EL CARMEN
BOLIVAR;SAN PABLO;CAÑABRAVAL;81;146;227;1;;SEDE EDUCATIVA CAÑABRAVAL
BOLIVAR;SAN PABLO;EL SOCORRO;159;166;325;1;;SEDE EDUCATIVA EL SOCORRO
BOLIVAR;SAN PABLO;LA VIRGENCITA;39;68;107;1;;SEDE EDUCATIVA LA VIRGENCITA
BOLIVAR;SAN PABLO;POZO AZUL;143;211;354;1;;SEDE EDUCATIVA POZO AZUL
BOLIVAR;SAN PABLO;CERRO AZUL;79;138;217;1;;SEDE EDUCATIVA CERRO AZUL
BOLIVAR;SAN PABLO;SANTO DOMINGO;415;414;829;3;;SEDE EDUCATIVA SANTO DOMINGO
BOLIVAR;SAN PABLO;VILLANUEVA;134;222;356;1;;SEDE EDUCATIVA VILLANVA.
BOLIVAR;SANTA CATALINA;PUESTO CABECERA MUNICIPAL;3618;4003;7621;23;;av. gaitan barrio abajo
BOLIVAR;SANTA CATALINA;PUEBLO NUEVO;525;474;999;3;;CLl PPAL I.E. DE LOMA DE ARENA SD PUEBLO NUEVO
BOLIVAR;SANTA CATALINA;COLORADO;362;366;728;2;;AV. PRINCIPAL VÍA COLORADO
BOLIVAR;SANTA CATALINA;GALERAZAMBA;555;488;1043;3;;DIAGONAL A LA IGLESIA
BOLIVAR;SANTA CATALINA;JOBO;109;111;220;1;;ENTRADA AL JOBO
BOLIVAR;SANTA CATALINA;LOMA DE ARENA;1885;1826;3711;11;;VIA EL MAR SECTOR EL COLEGIO
BOLIVAR;SANTA ROSA;PUESTO CABECERA MUNICIPAL;8695;8775;17470;53;;CARRET PRINCIPAL - BARRIO LA CEREZA
BOLIVAR;SANTA ROSA DEL SUR;PUESTO CABECERA MUNICIPAL;9186;9675;18861;57;;CLL11 N°19-10 BARRIO LA CABAÑA
BOLIVAR;SANTA ROSA DEL SUR;BUENAVISTA;299;427;726;2;;IE BUENAVISTA
BOLIVAR;SANTA ROSA DEL SUR;SAN FRANCISCO;117;176;293;1;;IE SAN FRANCISCO
BOLIVAR;SANTA ROSA DEL SUR;FATIMA;166;264;430;2;;SEDE EDUCATIVA FÁTIMA
BOLIVAR;SANTA ROSA DEL SUR;LA MARIZOSA;108;268;376;2;;LA MARIZOSA
BOLIVAR;SANTA ROSA DEL SUR;LOS ARRAYANES;95;134;229;1;;SEDE EDUCATIVA LOS ARRAYANES
BOLIVAR;SANTA ROSA DEL SUR;LOS CANELOS;668;797;1465;5;;INST TEC AGROP LOS CANELOS
BOLIVAR;SANTA ROSA DEL SUR;SAN ISIDRO;133;188;321;1;;SEDE EDUCATIVA SAN ISIDRO
BOLIVAR;SANTA ROSA DEL SUR;SAN JUAN DE RIOGRANDE;46;121;167;1;;SEDE EDUC. SAN JUAN DE RIO GRANDE
BOLIVAR;SANTA ROSA DEL SUR;SAN JOSE;106;115;221;1;;SEDE EDUCATIVA SAN JOSÉ
BOLIVAR;SANTA ROSA DEL SUR;SAN PEDRO FRIO;224;396;620;2;;SEDE EDUCATIVA SAN PEDRO FRIO
BOLIVAR;SANTA ROSA DEL SUR;SAN LUCAS;245;315;560;2;;IE SAN LUCAS
BOLIVAR;SANTA ROSA DEL SUR;SANTA ISABEL;85;134;219;1;;SEDE EDUCATIVA SANTA ISABEL
BOLIVAR;SANTA ROSA DEL SUR;VILLA FLOR;240;322;562;2;;IE VILLAFLOR
BOLIVAR;SANTA ROSA DEL SUR;VEREDA SAN LUQUITAS;145;173;318;1;;IE SEDE SAN LUQUITAS
BOLIVAR;SANTA ROSA DEL SUR;VEREDA SAN BENITO;921;723;1644;5;;IE SAN BENITO
BOLIVAR;SANTA ROSA DEL SUR;MINA PEPO;58;113;171;1;;IEA TEC AGRO LOS CANELOS VEREDA MINA PEPO
BOLIVAR;SANTA ROSA DEL SUR;MINA FORTUNA;78;130;208;1;;IEA TEC AGRO LOS CANELOS  SEDE LA FORTUNA
BOLIVAR;SANTA ROSA DEL SUR;LOS GUAYACANES;99;160;259;1;;IE TEC EMP BUENA VISTA SEDE LOS GUAYACANES
BOLIVAR;SIMITI;PUESTO CABECERA MUNICIPAL;2608;2940;5548;17;;CL HOSPITAL 7 68 IE EUTIMIO GUTIERREZ M
BOLIVAR;SIMITI;ANIMAS ALTAS;483;568;1051;3;;IE 27 DE OCTUBRE DE ANIMAS ALTAS
BOLIVAR;SIMITI;SINAI;162;206;368;2;;IE 27 DE OCTUBRE SEDE ANIMAS BAJAS
BOLIVAR;SIMITI;CAMPO PALLARES;82;113;195;1;;IE CERRO DE VERACRUZ SEDE CAMPO PALLARES
BOLIVAR;SIMITI;EL DIAMANTE;45;108;153;1;;IE MONTERREY SEDE EL DIAMANTE
BOLIVAR;SIMITI;EL PARAISO;131;208;339;1;;IE MONTERREY SEDE EL PARAISO
BOLIVAR;SIMITI;EL GARZAL;167;234;401;2;;IE CERRO DE VERACRUZ SEDE EL GARZAL
BOLIVAR;SIMITI;LAS BRISAS;270;397;667;2;;CASA COMUNAL PARQUE P/PAL
BOLIVAR;SIMITI;ORORIA;63;75;138;1;;I. E. VICENTE HONDARZA SEDE TRIBUTARIA
BOLIVAR;SIMITI;MONTERREY;486;651;1137;4;;IE DE MONTERREY
BOLIVAR;SIMITI;SAN BLAS;311;445;756;3;;IE SAN BLAS
BOLIVAR;SIMITI;SAN JOAQUIN;197;269;466;2;;C.E. SAN JOAQUIN
BOLIVAR;SIMITI;SAN LUIS;333;414;747;3;;IE 27 DE OCTUBRE SEDE SAN LUIS
BOLIVAR;SIMITI;SANTA LUCIA;96;141;237;1;;IE SAN BLAS SEDE SANTA LUCIA
BOLIVAR;SIMITI;VERACRUZ (CERRO DE BURGOS);337;430;767;3;;I.E. DEL CERRO DE VERACRUZ
BOLIVAR;SIMITI;SABANA;174;192;366;2;;IE 27 DE OCTUBRE SEDE LA SABANA
BOLIVAR;SIMITI;IETAC EUTIMIO GUTIERREZ MANJON;408;391;799;3;;SEDE VEREDA FONTES
BOLIVAR;SOPLAVIENTO;NUEVO LIBANO;4552;4464;9016;27;;CALLE 14 CRA 24 No 11-123
BOLIVAR;TALAIGUA NUEVO;PUESTO CABECERA MUNICIPAL;2759;2906;5665;17;;SEDE ESC. URBANA MIXTA #1
BOLIVAR;TALAIGUA NUEVO;CAÑO HONDO;137;147;284;1;;I.E.TEC. de Caño Hondo
BOLIVAR;TALAIGUA NUEVO;EL PORVENIR;226;263;489;2;;I.E.TEC. de El Porvenir
BOLIVAR;TALAIGUA NUEVO;EL VESUBIO;516;544;1060;3;;I.E.TEC. AGR. de El Vesubio
BOLIVAR;TALAIGUA NUEVO;LAS MARIAS;68;101;169;1;;I.E.TEC. de Las Marías
BOLIVAR;TALAIGUA NUEVO;LOS MANGOS;111;131;242;1;;I.E.TEC. AGR. de Los Mangos
BOLIVAR;TALAIGUA NUEVO;PATICO;505;529;1034;3;;I.E.TEC. TOMAS DANIELS DE PATI
BOLIVAR;TALAIGUA NUEVO;PEÑON DE DURAN;199;247;446;2;;I.E.TEC. de El Peñón de Durán
BOLIVAR;TALAIGUA NUEVO;SAN MARTIN (LA LADERA DE TALA;181;171;352;1;;I.E.TEC.AGR. de la LADERA DE S
BOLIVAR;TALAIGUA NUEVO;TUPE;105;105;210;1;;I.E.TEC. de Tupe
BOLIVAR;TALAIGUA NUEVO;TALAIGUA VIEJO;356;377;733;3;;I.E.TEC.AGR. de Talaigua Viejo
BOLIVAR;TIQUISIO (PTO. RICO);INSTITUCION EDUCATIVA DE PUERTO RICO;3363;4010;7373;23;;BARRIO EL CAMPO CALLE PRINCIPAL
BOLIVAR;TIQUISIO (PTO. RICO);AGUAS NEGRAS;144;185;329;1;;INST.EDUC. TIQUISIO NUEVO-AGUAS NEGRAS
BOLIVAR;TIQUISIO (PTO. RICO);BOCAS DE SOLIS;82;113;195;1;;INST.EDUC. COLORADO- BOCAS DE SOLIS
BOLIVAR;TIQUISIO (PTO. RICO);BOLOMBOLO;137;162;299;1;;INST.EDUC DE BOLOMBOLO
BOLIVAR;TIQUISIO (PTO. RICO);INSTITUCION EDUCATIVA DE COLORADO;333;431;764;3;;BARRIO LAS PALMAS DIAG. AL ESTADIO JUAN DE LA ROSA
BOLIVAR;TIQUISIO (PTO. RICO);DOS BOCAS;177;228;405;2;;ESC.NUEVA DE DOS BOCAS
BOLIVAR;TIQUISIO (PTO. RICO);EL SUDAN;639;842;1481;5;;RESTAURANTE ESCOLAR SEC FELIZ VIAJE
BOLIVAR;TIQUISIO (PTO. RICO);LA VENTURA;322;406;728;2;;CENT. EDUC LA VENTURA
BOLIVAR;TIQUISIO (PTO. RICO);MINA SECA;269;402;671;2;;INST.EDUC TIQUISIO NUEVO MINA SECA
BOLIVAR;TIQUISIO (PTO. RICO);PALMA ESTERAL;82;104;186;1;;INST.EDUC. TIQUISIO NUEVO PALMA ESTERAL
BOLIVAR;TIQUISIO (PTO. RICO);PUERTO COCA;223;305;528;2;;INST.EDUC.TIQUISIO NUEVO PUERTO COCA
BOLIVAR;TIQUISIO (PTO. RICO);QUEBRADA DEL MEDIO;167;280;447;2;;CENT.EDUC. LA VENTURA QUEBRADA DEL MEDIO
BOLIVAR;TIQUISIO (PTO. RICO);SABANAS DEL FIRME;141;186;327;1;;INST.EDUC. DE PUERTO RICO SABANAS DEL FIRME
BOLIVAR;TIQUISIO (PTO. RICO);TIQUISIO NUEVO;690;855;1545;5;;INST.EDUC.TIQUISIO NUEVO SEDE PRIMARIA
BOLIVAR;TIQUISIO (PTO. RICO);INST EDUC DE MINA SECA SEDE LOS PLANOS;106;118;224;1;;CALLE PRINCIPAL
BOLIVAR;TURBACO;INST EDC CRISANTO LUQUE;7067;6643;13710;42;01COMUNA 1;CTERA TRONC DE OCC.KM 15 LA BOM.28-156
BOLIVAR;TURBACO;SENA REGIONAL BOLIVAR;2418;2786;5204;16;01COMUNA 1;KM 1 VIA A TURBACO
BOLIVAR;TURBACO;INST EDUC ALFONSO LOPEZ PUMARE;2376;2357;4733;15;06COMUNA 6;PARAISO SECTOR ARROYO LEJOS CRA 10 NO. 26 74
BOLIVAR;TURBACO;INST EDUC LA BUENA ESPERANZA;3895;2544;6439;20;05COMUNA 5;BARR PARA LA CONQ, Cll 27 A kr 4E -185
BOLIVAR;TURBACO;I.E. QUERIDOS AMIGOS;779;684;1463;5;01COMUNA 1;MZ. 14 LOTE 1
BOLIVAR;TURBACO;INST EDUC CUARTA POZA DE MANGA;4429;6951;11380;35;04COMUNA 4;BR. EL ROSARIO CALLE POZA DE MANGA CRA 27 112
BOLIVAR;TURBACO;INST EDUC 4 P. DE MANGA - HILD;1858;1486;3344;11;02COMUNA 2;BR. SAN PEDRO SECTOR MEDIA TAPA MZ 2 LT 9 ETAPA 1
BOLIVAR;TURBACO;INST EDUC FELIPE SANTIAGO ESCO;3113;3126;6239;19;03COMUNA 3;BR. PUMAREJO CL ESPICHE AV. PRINCIPAL
BOLIVAR;TURBACO;INST EDUC F SANTIAGO - MARIA A;1514;1229;2743;9;03COMUNA 3;BARRIO JUAN 23 CALLE LA ESTRELLA
BOLIVAR;TURBACO;INST EDUC CRISANTO LUQUE SEDE;1244;1153;2397;8;03COMUNA 3;CIUDADELA BONANZA MZ 1 LT 1
BOLIVAR;TURBACO;IE 4TA POZA DE MANGA SD N SRA DE SOCORRO;2735;1889;4624;14;02COMUNA 2;CLL 17 No 20 83 BARRIO LA CRUZ
BOLIVAR;TURBACO;CENTRO DE VIDA;5250;5521;10771;14;;URBANIZACION LA GRANJA TV 13A CENTRO DE VIDA LT 01
BOLIVAR;TURBACO;CARCEL DE TURBACO;45;0;45;1;;URBANIZACION BOSQUE DE LA CEIBA
BOLIVAR;TURBACO;CAÑAVERAL;1454;1466;2920;9;07 CORREGIMIENTO CAÑAVERAL;COR.CAÑAVERAL PLAZA PpAL Cl LA CONCEP
BOLIVAR;TURBACO;I E AGUAS PRIETAS;82;56;138;1;01COMUNA 1;vereda aguas prietas via turbaco
BOLIVAR;TURBACO;CHIQUITO;153;182;335;1;08 CORREG SAN JOSE DE CHIQUITO;PLAZA PRINCIPAL CGTO S. JOSE DE CHIQUITO
BOLIVAR;TURBANA;IE MARCO FIDEL SUAREZ;3156;3317;6473;20;;CALLE LAS FLORES
BOLIVAR;TURBANA;IE INETI SEDE NUESTRA SEÑORA DEL CARMEN;3855;4161;8016;24;;CALLE CALDAS
BOLIVAR;TURBANA;BALLESTAS;951;952;1903;6;;IE DE BALLESTAS PLAZA PPAL
BOLIVAR;TURBANA;COVADO - PUEBLO NUEVO;225;256;481;2;;IE DE BALLESTAS SEDE LOMA DE MATUNILLA PLAZA PPAL
BOLIVAR;TURBANA;VEREDA EL CHORRO Y LA LEGUA;72;104;176;1;;VARIANTE MAMONAL GAMBOTE  KILOMETRO 24
BOLIVAR;VILLANUEVA;PUESTO CABECERA MUNICIPAL;8062;8019;16081;49;;CALLE 14 No 16-79 SECTOR LA CANDELARIA
BOLIVAR;VILLANUEVA;CIPACOA;718;781;1499;5;;I.E CIPACOA SD PRIMARIA KM9 CLL CAMPO ALEGRE
BOLIVAR;VILLANUEVA;ALGARROBO;75;140;215;1;;PLAZA PRINCIPAL KM 12
BOLIVAR;ZAMBRANO;PUESTO CABECERA MUNICIPAL;4669;5115;9784;30;;CLL 12 N° 12-78 BARRIO EL AMPARO
BOLIVAR;ZAMBRANO;JESUS DEL RIO;56;140;196;1;;INS.EDUC. ERASMO DONADO LLANOS CLL 12 N° 12-78
BOLIVAR;ZAMBRANO;VEREDA CAPACA;91;115;206;1;;I.E SAGRADO CORAZÓN DE JESUS SEDE NUEVA ESPERANZA
